"0443649","10,000 BC (2008)"
"1136683","100 Million BC (2008)"
"2518788","1 (2013)"
"1542344","127 Hours (2010)"
"0050083","12 Angry Men (1957)"
"3957956","12 Rounds 3: Lockdown (2015)"
"1436045","13 Assassins (2010)"
"0450385","1408 (2007)"
"0078723","1941 (1979)"
"0087803","1984 (1984)"
"0062622","2001: A Space Odyssey (1968)"
"0264323","2001 Maniacs (2005)"
"0137338","200 Cigarettes (1999)"
"1694508","2010: Moby Dick (2010)"
"1190080","2012 (2009)"
"1132130","2012 Doomsday (2008)"
"1846444","2012: Ice Age (2011)"
"1479847","2012: Supernova (2009)"
"1232829","21 Jump Street (2012)"
"0274309","24 Hour Party People (2002)"
"0988595","27 Dresses (2008)"
"0289043","28 Days Later (2002)"
"0463854","28 Weeks Later (2007)"
"0283090","29 Palms (2002)"
"1602472","2 Days in New York (2012)"
"0115438","2 Days in the Valley (1996)"
"0322259","2 Fast 2 Furious (2003)"
"1272878","2 Guns (2013)"
"2043757","2-Headed Shark Attack (2012)"
"1056026","30,000 Leagues Under the Sea (2007)"
"0416449","300 (2006)"
"1253863","300: Rise of an Empire (2014)"
"0381849","3:10 to Yuma (2007)"
"4882174","37 (2016)"
"0424075","3 Extremes (2004)"
"4685096","3 Headed Shark Attack (2015)"
"1977681","3 Musketeers (2011)"
"0243736","40 Days and 40 Nights (2002)"
"2313757","(500) Days of Summer (2009)"
"1306980","50/50 (2011)"
"0343660","50 First Dates (2004)"
"0298203","8 Mile (2002)"
"0267248","Abandon (2002)"
"0047795","Abbott and Costello Meet the Mummy (1955)"
"1600195","Abduction (2011)"
"1554091","A Better Life (2011)"
"1582465","A Birder's Guide to Everything (2013)"
"2246549","Abraham Lincoln vs. Zombies (2012)"
"1137470","Accidental Love (2015)"
"0043338","Ace in the Hole (1951)"
"0066921","A Clockwork Orange (1971)"
"0072067","Act of Vengeance (2010)"
"6684714","Acts of Violence (2018)"
"0041090","Adam's Rib (1949)"
"6574444","Adaptation (2002)"
"1814621","Admission (2013)"
"1753383","A Dog's Purpose (2017)"
"6306064","Adrift (2018)"
"0086856","Adventures of Buckaroo Banzai (1984)"
"2756412","AE: Apocalypse Earth (2013)"
"0402022","Aeon Flux (2005)"
"0104257","A Few Good Men (1992)"
"0118564","Affliction (1997)"
"0095159","A Fish Called Wanda (1988)"
"0058461","A Fistful of Dollars (1964)"
"0098994","After Dark (1990)"
"1815862","After Earth (2013)"
"0088680","After Hours (1985)"
"5186236","Afterimage (2016)"
"0096769","After Midnight (1989)"
"5294966","After the Storm (2016)"
"0312329","Against the Ropes (2004)"
"0313911","Agent Cody Banks (2003)"
"2518926","Age of Dinosaurs (2013)"
"3677466","Age of Tomorrow (2014)"
"1186830","Agora (2009)"
"0295289","A Guy Thing (2003)"
"5789852","A Haunted House 4 (2016)"
"2216240","A Hijacking (2012)"
"0399146","A History of Violence (2005)"
"0052896","A Hole in the Head (1959)"
"0118571","Air Force One (1997)"
"0080339","Airplane! (1980)"
"0083530","Airplane 2: The Sequel (1982)"
"0437800","Akeelah and the Bee (2006)"
"0049414","A Kiss Before Dying (1956)"
"0183790","A Knight's Tale (2001)"
"0469021","Alan Partridge (2013)"
"1602098","Albert Nobbs (2011)"
"0104694","A League of Their Own (1992)"
"0060086","Alfie (1966)"
"0375173","Alfie (2004)"
"0078748","Alien (1979)"
"8260538","Alien 3 (1992)"
"0118583","Alien: Resurrection (1997)"
"1440161","A Little Bit of Heaven (2011)"
"2639254","A Little Chaos (2014)"
"0113670","A Little Princess (1995)"
"0042192","All About Eve (1950)"
"1219671","Allan Quatermain and the Temple of Skulls (2008)"
"0096787","All Dogs Go to Heaven (1989)"
"3892618","Alleluia! The Devil's Carnival (2015)"
"1175709","All Good Things (2010)"
"2017038","All Is Lost (2013)"
"0101301","All I Want for Christmas (1991)"
"0086873","All of Me (1984)"
"0250202","All Over the Guy (2001)"
"0020629","All Quiet on the Western Front (1930)"
"0074119","All the President's Men (1976)"
"1792794","Almighty Thor (2011)"
"4649416","Almost Christmas (2017)"
"0181875","Almost Famous (2000)"
"0164334","Along Came a Spider (2001)"
"0369672","A Love Song for Bobby Long (2004)"
"1213012","Alpha and Omega (2010)"
"0952640","Alvin and the Chipmunks (2007)"
"11045898","American Atheists (2019)"
"0169547","American Beauty (1999)"
"0088707","American Flyers (1985)"
"0765429","American Gangster (2007)"
"0080365","American Gigolo (1980)"
"2923316","American Heist (2014)"
"3532216","American Made (2017)"
"8385334","American Made (2018)"
"0436058","American Pie Presents Band Camp (2005)"
"0974959","American Pie Presents Beta House (2007)"
"0144084","American Psycho (2000)"
"1605630","American Reunion (2012)"
"0486259","American Teen (2008)"
"3316948","American Ultra (2015)"
"2175927","American Warships (2012)"
"0829459","A Mighty Heart (2007)"
"0310281","A Mighty Wind (2003)"
"2557490","A Million Ways to Die in the West (2014)"
"0118607","Amistad (1997)"
"0083550","Amityville II: The Possession (1982)"
"7541116","Amnesia (2017)"
"0245712","Amores perros (2000)"
"1972571","A Most Wanted Man (2014)"
"0118615","Anaconda (1997)"
"0078757","An Almost Perfect Affair (1979)"
"0429573","An American Haunting (2005)"
"0221799","An American Rhapsody (2001)"
"0082010","An American Werewolf in London (1981)"
"0118617","Anastasia (1997)"
"1229340","Anchorman 2: The Legend Continues (2013)"
"0357413","Anchorman: The Legend of Ron Burgundy (2004)"
"0107492","And God Spoke (1993)"
"0109120","Andre (1994)"
"3393070","Android Cop (2014)"
"0218182","An Everlasting Piece (2000)"
"0145653","Angela's Ashes (1999)"
"0092563","Angel Heart (1987)"
"0808151","Angels & Demons (2009)"
"1833888","Angels Sing (2013)"
"0305224","Anger Management (2003)"
"5751564","Angry Birds (2016)"
"0122541","An Ideal Husband (1999)"
"9072838","Animal House (1978)"
"3322940","Annabelle (2014)"
"0075686","Annie Hall (1977)"
"0099044","Another 48 Hrs. (1990)"
"3891338","Another Kind of Wedding (2018)"
"0119576","Another Nine & a Half Weeks (1997)"
"6206790","Another Time (1958)"
"0168786","Antwone Fisher (2002)"
"1757742","Apartment 143 (2011)"
"0120787","A Perfect Murder (1998)"
"0078788","Apocalypse Now (1979)"
"3384904","Apocalypse Pompeii (2014)"
"0112384","Apollo 13 (1995)"
"4660736","Apprentice (2016)"
"0344604","Apr√®s vous... (2003)"
"1764183","Arbitrage (2012)"
"0488508","Arctic Tale (2007)"
"1519461","Area 51 (2015)"
"1024648","Argo (2012)"
"0105265","A River Runs Through It (1992)"
"0106308","Army of Darkness (1993)"
"1276419","A Royal Affair (2012)"
"0036613","Arsenic and Old Lace (1944)"
"0094678","Arthur 2: On the Rocks (1988)"
"1430607","Arthur Christmas (2011)"
"0101371","Article 99 (1992)"
"2870612","As Above, So Below (2014)"
"0427454","A Series of Unfortunate Events (2004)"
"0119822","As Good as It Gets (1997)"
"0058586","A Shot in the Dark (1964)"
"1807944","As I Lay Dying (2013)"
"0120324","A Simple Plan (1998)"
"1315981","A Single Man (2009)"
"0384814","Ask the Dust (2006)"
"0162662","A Slipping-Down Life (1999)"
"0120151","A Smile Like Yours (1997)"
"0283897","Assassination Tango (2002)"
"3453772","Asteroid vs. Earth (2014)"
"0044081","A Streetcar Named Desire (1951)"
"0375568","Astro Boy (2009)"
"0348505","Asylum (2005)"
"0080388","Atlantic City (1980)"
"6994198","Atlantic Rim (2013)"
"2406566","Atomic Blonde (2017)"
"3184096","Attila (2013)"
"0455824","Australia (2008)"
"0443435","Autopsy (2008)"
"2395427","Avengers: Age of Ultron (2015)"
"4296026","Avengers Grimm (2015)"
"0118073","A Very Brady Sequel (1996)"
"0344510","A Very Long Engagement (2004)"
"1094162","AVH: Alien vs. Hunter (2007)"
"0090264","A View to a Kill (1985)"
"1869850","AVP: Alien vs. Predator (2004)"
"0099077","Awakenings (1990)"
"0365907","A Walk Among the Tombstones (2014)"
"0114887","A Walk in the Clouds (1995)"
"0491747","Away from Her (2006)"
"0449467","Babel (2006)"
"3890160","Baby Driver (2017)"
"1920849","Bachelorette (2012)"
"0090685","Back to School (1986)"
"0088763","Back to the Future (1985)"
"0096874","Back to the Future Part 2 (1989)"
"0096874","Back to the Future Part 3 (1990)"
"0233277","Back to the Secret Garden (2002)"
"0112442","Bad Boys (1995)"
"0172156","Bad Boys II (2003)"
"0068245","Bad Company (1972)"
"0103759","Bad Lieutenant (1992)"
"6094944","Bad Lucky Goat (2017)"
"9869346","Bad Milo! (2013)"
"0408524","Bad News Bears (2005)"
"0075718","Bad News Bears 2 (1977)"
"3482062","Bad Roomies (2015)"
"1284575","Bad Teacher (2011)"
"2170299","Bad Words (2013)"
"2937254","Balls Out (2014)"
"0976222","Bandslam (2009)"
"0814022","Bangkok Dangerous (2008)"
"0303714","Barbershop (2002)"
"0337579","Barbershop 2 (2004)"
"3628584","Barbershop: The Next Cut (2016)"
"0061385","Barefoot in the Park (1967)"
"0269743","Barking Dogs Never Bite (2000)"
"0414853","Barnyard (2006)"
"0101410","Barton Fink (1991)"
"0430912","Basic Instinct 2 (2006)"
"0096895","Batman (1989)"
"0372784","Batman Begins (2005)"
"0112462","Batman Forever (1995)"
"0106364","Batman: Mask of the Phantasm (1993)"
"0103776","Batman Returns (1992)"
"2975590","Batman v Superman: Dawn of Justice (2016)"
"2457138","Battledogs (2013)"
"2359006","Battle: Los Angeles (2011)"
"1758570","Battle of Los Angeles (2011)"
"4622512","Battle of the Sexes (2017)"
"1440129","Battleship (2012)"
"1469304","Baywatch (2017)"
"0118689","Bean (1997)"
"0086946","Beat Street (1984)"
"0388500","Beauty Shop (2005)"
"0377471","Be Cool (2005)"
"0094721","Beetlejuice (1988)"
"0381681","Before Sunset (2004)"
"0292963","Before the Devil Knows You're Dead (2007)"
"0870195","Before the Rains (2007)"
"0159273","Behind Enemy Lines (2001)"
"0106379","Being Human (1994)"
"1440732","Bel Ami (2012)"
"0482463","Bella (2006)"
"0158493","Belly (1998)"
"0286499","Bend It Like Beckham (2002)"
"0052618","Ben-Hur (1959)"
"0106387","Benny & Joon (1993)"
"0120604","Beowulf (1999)"
"0442933","Beowulf (2007)"
"3307726","Bermuda Tentacles (2014)"
"1704573","Bernie (2011)"
"0218839","Best in Show (2000)"
"0086960","Beverly Hills Cop 3 (1994)"
"0118708","Beverly Hills Ninja (1997)"
"0374536","Bewitched (2005)"
"0294357","Beyond Borders (2003)"
"0363473","Beyond the Sea (2004)"
"0065466","Beyond the Valley of the Dolls (1970)"
"0279688","Beyond the Wall of Sleep (2006)"
"0094737","Big (1988)"
"0142342","Big Daddy (1999)"
"0319061","Big Fish (2003)"
"1876261","Bigfoot (2012)"
"2108605","Bigfoot County (2012)"
"0997147","Big Man Japan (2007)"
"0208003","Big Momma's House (2000)"
"0421729","Big Momma's House 2 (2006)"
"0115678","Big Night (1996)"
"0090728","Big Trouble in Little China (1986)"
"0077235","Big Wednesday (1978)"
"0326769","Biker Boyz (2003)"
"0101452","Bill & Ted's Bogus Journey (1991)"
"2513074","Billy Lynn's Long Halftime Walk (2016)"
"0112508","Billy Madison (1995)"
"0055798","Birdman of Alcatraz (1962)"
"7296984","Birth of the Dragon (2017)"
"0109279","Black Beauty (1994)"
"1181791","Black Death (2010)"
"2717822","Blackhat (2014)"
"1825683","Black Panther (2018)"
"0096933","Black Rain (1989)"
"0075765","Black Sunday (1977)"
"0947798","Black Swan (2010)"
"1629705","Blackthorn (2011)"
"0068284","Blacula (1972)"
"5084170","Blade of the Immortal (2017)"
"0083658","Blade Runner (1982)"
"1856101","Blade Runner 2049 (2017)"
"0445934","Blades of Glory (2007)"
"0229260","Blair Witch 2 (2000)"
"0071230","Blazing Saddles (1974)"
"0997143","Bled (2009)"
"0163983","Bless the Child (2000)"
"1297919","Blitz (2011)"
"0450336","Blood Creek (2009)"
"0086979","Blood Simple (1984)"
"0092675","Bloodsport (1988)"
"1747958","Blood Ties (2013)"
"0109305","Blue Chips (1994)"
"1120985","Blue Valentine (2010)"
"0090756","Blue Velvet (1986)"
"5022872","Blush (2015)"
"0758774","Body of Lies (2008)"
"0106452","Body Snatchers (1991)"
"0106452","Body Snatchers (1992)"
"2494362","Bone Tomahawk (2015)"
"0061418","Bonnie and Clyde (1967)"
"0357507","Boogeyman (2005)"
"0103859","Boomerang (1992)"
"0118750","Booty Call (1997)"
"0115734","Bottle Rocket (1996)"
"0186894","Bounce (2000)"
"0310793","Bowling for Columbine (2002)"
"0068309","Boxcar Bertha (1972)"
"0115738","Box of Moonlight (1996)"
"0101507","Boyz n the Hood (1991)"
"0103874","Bram Stoker's Dracula (1992)"
"0804452","Bratz (2007)"
"0112573","Braveheart (1995)"
"0054698","Breakfast at Tiffany's (1961)"
"0086998","Breakin' (1984)"
"0086999","Breakin' 2: Electric Boogaloo (1984)"
"0078902","Breaking Away (1979)"
"0088850","Brewster's Millions (1985)"
"0144120","Bride of Chucky (1998)"
"0099180","Bride of Re-Animator (1989)"
"1478338","Bridesmaids (2011)"
"0901476","Bride Wars (2009)"
"0163988","Bringing Out the Dead (1999)"
"0029947","Bringing Up Baby (1938)"
"0092699","Broadcast News (1987)"
"0120620","Brokedown Palace (1999)"
"0115759","Broken Arrow (1996)"
"1172570","Bronson (2008)"
"0765010","Brothers (2009)"
"0297037","Brown Sugar (2002)"
"0186508","Buena Vista Social Club (1999)"
"0252299","Buffalo Soldiers (2001)"
"0470705","Bug (2006)"
"0094812","Bull Durham (1988)"
"0062765","Bullitt (1968)"
"1682181","Bully (2011)"
"0118798","Bulworth (1998)"
"1462758","Buried (2010)"
"1811307","Burning Blue (2013)"
"0064115","Butch Cassidy and the Sundance Kid (1969)"
"0179116","But I'm a Cheerleader (1999)"
"3707106","By the Sea (2015)"
"0303816","Cabin Fever (2002)"
"0961722","Cabin Fever 2: Spring Fever (2009)"
"0099204","Cadillac Man (1990)"
"0413879","Cake (2005)"
"0109370","Canadian Bacon (1995)"
"0127723","Can't Hardly Wait (1998)"
"0101540","Cape Fear (1991)"
"0379725","Capote (2005)"
"0077294","Capricorn One (1978)"
"3498820","Captain America: Civil War (2016)"
"1535109","Captain Phillips (2013)"
"0374563","Captivity (2007)"
"0074285","Carrie (1976)"
"2989524","Carrie Pilby (2017)"
"0034583","Casablanca (1942)"
"0795351","Case 39 (2009)"
"0460740","Cashback (2006)"
"0112641","Casino (1995)"
"0061452","Casino Royale (1967)"
"0381061","Casino Royale (2006)"
"0112642","Casper (1995)"
"0795493","Cassandra's Dream (2007)"
"0162222","Cast Away (2000)"
"0065528","Catch-22 (1970)"
"0264464","Catch Me If You Can (2002)"
"0034587","Cat People (1942)"
"0239395","Cats & Dogs (2001)"
"0173716","Cecil B. DeMented (2000)"
"1020558","Centurion (2010)"
"1341341","Ceremony (2010)"
"1621046","Cesar Chavez (2014)"
"0115857","Chain Reaction (1996)"
"0264472","Changing Lanes (2002)"
"1823672","Chappie (2015)"
"0423977","Charlie Bartlett (2007)"
"1196948","Charlie Countryman (2013)"
"0160127","Charlie's Angels (2000)"
"0305357","Charlie's Angels: Full Throttle (2003)"
"1438254","Charlie st. Cloud (2010)"
"0245046","Charlotte Gray (2001)"
"0413895","Charlotte's Web (2006)"
"0349205","Cheaper by the Dozen (2003)"
"0452598","Cheaper by the Dozen 2 (2005)"
"0226935","Chelsea Walls (2001)"
"1014763","Child 44 (2015)"
"0090830","Children of a Lesser God (1986)"
"0118849","Children of Heaven (1997)"
"0206634","Children of Men (2006)"
"0094862","Child's Play (1988)"
"0693394","Child's Play (1998)"
"0099253","Child's Play 2 (1990)"
"0103956","Child's Play 3 (1991)"
"0062803","Chitty Chitty Bang Bang (1968)"
"0241303","Chocolat (2000)"
"1183252","Chocolate (2008)"
"0090837","Chopping Mall (1986)"
"0085333","Christine (1983)"
"4666726","Christine (2016)"
"1706593","Chronicle (2012)"
"1610525","Chuck (2016)"
"0200530","Chuck & Buck (2000)"
"2586394","Cinco de Mayo (2013)"
"0095765","Cinema Paradiso (1988)"
"0033467","Citizen Kane (1941)"
"0317248","City of God (2002)"
"0101587","City Slickers (1991)"
"2456594","Clash of the Empires (2012)"
"0800320","Clash of the Titans (2010)"
"0085346","Class (1983)"
"0109445","Clerks (1994)"
"0424345","Clerks II (2006)"
"0389860","Click (2006)"
"0157472","Clockstoppers (2002)"
"0075860","Close Encounters of the Third Kind (1977)"
"0376541","Closer (2004)"
"0844471","Cloudy with a Chance of Meatballs (2009)"
"1985966","Cloudy with a Chance of Meatballs 2 (2013)"
"3038734","Club Life (2015)"
"0090856","Club Paradise (1986)"
"0088930","Clue (1985)"
"0112697","Clueless (1995)"
"0393162","Coach Carter (2005)"
"1540115","Coal Rush (2012)"
"2380307","Coco (2017)"
"4335520","CODE: Debugging the Gender Gap (2015)"
"0069897","Coffy (1973)"
"0159365","Cold Mountain (2003)"
"0369339","Collateral (2004)"
"0094894","Colors (1988)"
"0044509","Come Back (1952)"
"0088944","Commando (1985)"
"1971352","Compliance (2012)"
"0082198","Conan the Barbarian (1982)"
"0816462","Conan the Barbarian (2011)"
"0087078","Conan the Destroyer (1984)"
"3322364","Concussion (2015)"
"3773378","Conduct! Every Move Counts (2016)"
"0112715","Congo (1995)"
"7518466","Conor McGregor: Notorious (2017)"
"0421082","Control (2007)"
"0391024","Control Room (2004)"
"2490326","Cooties (2014)"
"0118887","Cop Land (1997)"
"1252631","Copycat (2008)"
"0327597","Coraline (2009)"
"4872162","Countdown (2016)"
"0479884","Crank (2006)"
"1121931","Crank 2: High Voltage (2009)"
"0375679","Crash (2004)"
"0470993","Crazy Eights (2006)"
"1263670","Crazy Heart (2009)"
"0088960","Creator (1985)"
"3076658","Creed (2015)"
"2554274","Crimson Peak (2015)"
"0090555","Crocodile Dundee (1986)"
"0094921","Crossing Delancey (1988)"
"0115985","Crossworlds (1997)"
"0190332","Crouching Tiger, Hidden Dragon (2000)"
"0139134","Cruel Intentions (1999)"
"2093977","Crush (2013)"
"0099329","Cry-Baby (1990)"
"0123755","Cube (1997)"
"0085382","Cujo (1983)"
"3280262","Cult of Chucky (2017)"
"0101635","Curly Sue (1991)"
"0257516","Cursed (2005)"
"2230358","Curse of Chucky (2013)"
"0085384","Curse of the Pink Panther (1983)"
"0097138","Cyborg (1989)"
"3093522","Cymbeline (2014)"
"1528854","Daddy's Home (2015)"
"0790636","Dallas Buyers Club (2013)"
"1153706","Dance Flick (2009)"
"0099348","Dances with Wolves (1990)"
"0217355","Dancing at the Blue Iguana (2000)"
"0118928","Dante's Peak (1997)"
"4555426","Darkest Hour (2017)"
"0889181","Dark Fields (2006)"
"0985025","Dark Floors (2008)"
"0273517","Darkness (2002)"
"1878942","Date and Switch (2014)"
"1279935","Date Night (2010)"
"0106673","Dave (1993)"
"0363547","Dawn of the Dead (2004)"
"2131963","Daybreakers (2010)"
"0070460","Day for Night (1973)"
"0103873","Dead Alive (1992)"
"0112818","Dead Man Walking (1995)"
"1431045","Deadpool (2016)"
"5463162","Deadpool 2 (2018)"
"0092850","Deadtime Stories (2009)"
"0092850","Deadtime Stories 2 (2011)"
"1043791","Dead Wood (2007)"
"2235108","Dear White People (2014)"
"1028528","Death Proof (2007)"
"0452608","Death Race (2008)"
"1261046","Death Racers (2008)"
"0286306","Deathwatch (2002)"
"1137450","Death Wish (2018)"
"0149261","Deep Blue Sea (1999)"
"0101698","Defending Your Life (1991)"
"0337972","Defiance (2002)"
"1034303","Defiance (2008)"
"0101701","Delirious (1991)"
"0068473","Deliverance (1972)"
"0814075","Deliver Us from Evil (2006)"
"2377322","Deliver Us From Evil (2014)"
"0352277","De-Lovely (2004)"
"0800003","Delta Farce (2007)"
"0099399","Delta Force 2 (1990)"
"0106701","Dennis the Menace (1993)"
"0112851","Desperado (1995)"
"0089017","Desperately Seeking Susan (1985)"
"1323594","Despicable Me (2010)"
"1690953","Despicable Me 2 (2013)"
"3469046","Despicable Me 3 (2017)"
"0367652","Deuce Bigalow: European Gigolo (2005)"
"0046912","Dial M for Murder (1954)"
"0066995","Diamonds Are Forever (1971)"
"1196141","Diary of a Wimpy Kid (2010)"
"1650043","Diary of a Wimpy Kid: Rodrick Rules (2011)"
"0848557","Diary of the Dead (2007)"
"0246460","Die Another Day (2002)"
"0095016","Die Hard (1988)"
"0099423","Die Hard 2 (1990)"
"0112864","Die Hard: With a Vengeance (1995)"
"0104107","Diggstown (1992)"
"0069976","Dillinger (1973)"
"1182609","Direct Contact (2009)"
"0092890","Dirty Dancing (1987)"
"0066999","Dirty Harry (1971)"
"0095031","Dirty Rotten Scoundrels (1988)"
"0120654","Dirty Work (1998)"
"1213644","Disaster Movie (2008)"
"6108178","Disobedience (2017)"
"1247640","District 13: Ultimatum (2009)"
"1136608","District 9 (2009)"
"0414852","District B13 (2004)"
"0486822","Disturbia (2007)"
"1840309","Divergent (2014)"
"0101745","Doc Hollywood (1991)"
"1211837","Doctor Strange (2016)"
"0059113","Doctor Zhivago (1965)"
"0364725","Dodgeball: A True Underdog Story (2004)"
"0072890","Dog Day Afternoon (1975)"
"0276919","Dogville (2003)"
"0249478","Domestic Disturbance (2001)"
"0988849","Donkey Punch (2008)"
"0119008","Donnie Brasco (1997)"
"1270761","Don't Be Afraid of the Dark (2010)"
"0116126","Don't Be a Menace (1996)"
"4160708","Don't Breathe (2016)"
"3534282","Don Verdean (2015)"
"0419706","Doom (2005)"
"0483607","Doomsday (2008)"
"3850214","Dope (2015)"
"0101764","Double Impact (1991)"
"0150377","Double Jeopardy (1999)"
"0186975","Down to You (2000)"
"0079073","Dracula (1979)"
"0219653","Dracula 2000 (2000)"
"0829150","Dracula Untold (2014)"
"2223990","Draft Day (2014)"
"3672840","Dragon Blade (2015)"
"1999141","Dragon Crusaders (2011)"
"1353997","Dragonquest (2009)"
"1331307","Dread (2009)"
"0097236","Dream a Little Dream (1989)"
"0487897","Dreamer (2005)"
"0443489","Dreamgirls (2006)"
"1343727","Dredd (2012)"
"0080661","Dressed to Kill (1980)"
"0059124","Dr. Goldfoot and the Bikini Machine (1965)"
"2573378","Drift (2012)"
"0817538","Drillbit Taylor (2008)"
"2265398","Drinking Buddies (2013)"
"0780504","Drive (2011)"
"1502404","Drive Angry (2011)"
"0164114","Drive Me Crazy (1999)"
"0097239","Driving Miss Daisy (1989)"
"0055928","Dr. No (1962)"
"0397401","Drop Dead Sexy (2005)"
"0109676","Drop Zone (1994)"
"2319314","Dr. Seuss' the Lorax (2012)"
"1740348","Dr. Strangelove (1964)"
"0486857","Dr. T and the Women (2000)"
"0097240","Drugstore Cowboy (1989)"
"0303933","Drumline (2002)"
"0242423","Dude (2000)"
"2096672","Dumb and Dumber To (2014)"
"0472458","Dumplings (2004)"
"0087182","Dune (1984)"
"5013056","Dunkirk (2017)"
"0266489","Duplex (2003)"
"1274586","Dying of the Light (2014)"
"0097257","Earth Girls Are Easy (1988)"
"0048028","East of Eden (1955)"
"1282140","Easy A (2010)"
"0064276","Easy Rider (1969)"
"0879870","Eat Pray Love (2010)"
"0099487","Edward Scissorhands (1990)"
"0271263","Eight Crazy Nights (2002)"
"0095082","Eight Men Out (1988)"
"0357277","Elektra (2005)"
"1578882","Elephant White (2011)"
"0319343","Elf (2003)"
"0327679","Ella Enchanted (2004)"
"0104815","El Mariachi (1992)"
"1535108","Elysium (2013)"
"2103264","Emperor (2012)"
"0424993","Employee of the Month (2006)"
"1731141","Ender's Game (2013)"
"2318092","Endless Love (2014)"
"1855199","End Of Watch (2012)"
"2395199","Enemies Closer (2013)"
"0215750","Enemy at the Gates (2001)"
"1016268","Enron: The Smartest Guys in the Room (2005)"
"0070034","Enter the Dragon (1973)"
"0082332","Enter the Ninja (1981)"
"0326856","Envy (2004)"
"0848537","Epic (2013)"
"3250590","Equal Means Equal (2014)"
"0238380","Equilibrium (2002)"
"0449010","Eragon (2006)"
"1211956","Escape Plan (2013)"
"0308201","E.T.: The Extra-Terrestrial (1982)"
"2051879","Europa Report (2013)"
"0120631","Ever After (1998)"
"2719848","Everest (2015)"
"0209037","Everybody's Famous! (2000)"
"3605266","Everything Beautiful Is Far Away (2017)"
"5001718","Everything, Everything (2017)"
"1531663","Everything Must Go (2010)"
"0119080","Eve's Bayou (1997)"
"1288558","Evil Dead (2013)"
"0251075","Evolution (2001)"
"0082348","Excalibur (1981)"
"0116253","Executive Decision (1996)"
"4601270","Ex Machina (2015)"
"4189442","Expelled (2014)"
"4019560","Exposed (2016)"
"4382872","Extraction (2015)"
"1536410","Faces in the Crowd (2011)"
"0428518","Fade to Black (2004)"
"0427229","Failure to Launch (2006)"
"0977855","Fair Game (2010)"
"0119095","FairyTale: A True Story (1997)"
"1507566","Fake (2011)"
"0106856","Falling Down (1993)"
"0489049","Fanboys (2009)"
"3183660","Fantastic Beasts and Where to Find Them (2016)"
"0432283","Fantastic Mr. Fox (2009)"
"0106332","Farewell My Concubine (1993)"
"0116282","Fargo (1996)"
"1596343","Fast Five (2011)"
"1013752","Fast & Furious (2009)"
"1905041","Fast & Furious 6 (2013)"
"0093010","Fatal Attraction (1987)"
"0106873","Fatal Instinct (1993)"
"0119109","Fathers' Day (1997)"
"0097336","Fat Man and Little Boy (1989)"
"0116287","Fear (1996)"
"0120669","Fear and Loathing in Las Vegas (1998)"
"0289944","Fear X (2003)"
"0426459","Feast (2005)"
"0091042","Ferris Bueller's Day Off (1986)"
"0332047","Fever Pitch (2005)"
"0067093","Fiddler on the Roof (1971)"
"0457572","Fido (2006)"
"0401420","Fierce People (2005)"
"4465564","Fifty Shades Darker (2017)"
"4477536","Fifty Shades Freed (2018)"
"2322441","Fifty Shades of Grey (2015)"
"0137523","Fight Club (1999)"
"2878846","Fight For Space (2017)"
"1450321","Filth (2013)"
"1622979","Final Destination 5 (2011)"
"3462002","Finders Keepers (2015)"
"0181536","Finding Forrester (2000)"
"0106912","Fire in the Sky (1993)"
"0091055","Firewalker (1986)"
"0082382","First Monday in October (1981)"
"8534088","First Reformed (2018)"
"3401882","Fist Fight (2017)"
"0068767","Fist of Fury (1972)"
"4848010","Fits and Starts (2017)"
"0065724","Five Easy Pieces (1970)"
"0080745","Flash Gordon (1980)"
"0155711","Flawless (1999)"
"0089155","Fletch (1985)"
"0097366","Fletch Lives (1989)"
"0099587","Flight of the Intruder (1991)"
"0377062","Flight of the Phoenix (2004)"
"0486321","Fly Me to the Moon (2008)"
"0770752","Fool's Gold (2008)"
"4875774","Footnotes (2016)"
"0059578","For a Few Dollars More (1965)"
"0077572","Force 10 From Navarone (1978)"
"0109830","Forrest Gump (1994)"
"1730294","For the Love of Money (2012)"
"3457734","Fort Tilden (2014)"
"0082398","For Your Eyes Only (1981)"
"0430105","Four Brothers (2005)"
"1341167","Four Lions (2010)"
"0109831","Four Weddings and a Funeral (1994)"
"0071517","Foxy Brown (1974)"
"0264616","Frailty (2001)"
"0021884","Frankenstein (1931)"
"1221208","Frankie & Alice (2010)"
"0060429","Frankie and Johnny (1966)"
"0101912","Frankie and Johnny (1991)"
"0109835","Frank & Jesse (1995)"
"0022913","Freaks (1932)"
"1927093","Fred 2: Night of the Living Fred (2011)"
"0486583","Fred Claus (2007)"
"0329101","Freddy vs. Jason (2003)"
"0463998","Freedom Writers (2007)"
"1658801","Freeheld (2015)"
"0120679","Frida (2002)"
"0390022","Friday Night Lights (2004)"
"0080761","Friday the 13th (1980)"
"0089173","Friday the 13th : A New Beginning (1985)"
"0082418","Friday the 13th Part 2 (1981)"
"0101921","Fried Green Tomatoes (1991)"
"1632708","Friends with Benefits (2011)"
"0089175","Fright Night (1985)"
"0116367","From Dusk Till Dawn (1996)"
"0120681","From Hell (2001)"
"0893412","From Prada to Nada (2011)"
"0057076","From Russia with Love (1963)"
"2334649","Fruitvale Station (2013)"
"5612742","F*&% the Prom (2017)"
"0290212","Full Frontal (2002)"
"0050419","Funny Face (1957)"
"2820852","Furious 7 (2015)"
"0492389","Furry Vengeance (2010)"
"2713180","Fury (2014)"
"0074559","Futureworld (1976)"
"0089118","F/X (1986)"
"0101846","F/X2 (1991)"
"0082432","Gallipoli (1981)"
"1034032","Gamer (2009)"
"0083987","Gandhi (1982)"
"0118900","Gang Related (1997)"
"0217505","Gangs of New York (2002)"
"1321870","Gangster Squad (2013)"
"0828393","Garden Party (2008)"
"0333766","Garden State (2004)"
"0356634","Garfield (2004)"
"0455499","Garfield: A Tail of Two Kitties (2006)"
"0036855","Gaslight (1944)"
"0077597","Gas Pump Girls (1979)"
"0119177","Gattaca (1997)"
"2473602","Get on Up (2014)"
"5052448","Get Out (2017)"
"0430308","Get Rich or Die Tryin' (2005)"
"0113161","Get Shorty (1995)"
"0087332","Ghostbusters (1984)"
"1289401","Ghostbusters (2016)"
"4513678","Ghostbusters 2 (1989)"
"0165798","Ghost Dog: The Way of the Samurai (1999)"
"1219827","Ghost in the Shell (2017)"
"0259324","Ghost Rider (2007)"
"0288477","Ghost Ship (2002)"
"5115546","Ghost Team (2016)"
"0995039","Ghost Town (2008)"
"0162346","Ghost World (2001)"
"6441670","Ghoulies (1985)"
"0093091","Ghoulies II (1987)"
"1583421","G.I. Joe: Retaliation (2013)"
"1046173","G.I. Joe: The Rise of Cobra (2009)"
"0365265","Ginger Snaps Back: The Beginning (2004)"
"0353489","Ginger Snaps: Unleashed (2004)"
"0371949","Girl (1999)"
"1698648","Girl Most Likely (2012)"
"3564472","Girls Trip (2017)"
"0335119","Girl with a Pearl Earring (2003)"
"0172495","Gladiator (2000)"
"3407428","Glassland (2014)"
"0104348","Glengarry Glen Ross (1992)"
"0097441","Glory (1989)"
"8777516","Glory (2017)"
"0139239","Go (1999)"
"1912398","God Bless America (2011)"
"0120684","Gods and Monsters (1998)"
"0120685","Godzilla (1998)"
"0109913","Go Fish (1994)"
"0077621","Goin' South (1978)"
"0113189","GoldenEye (1995)"
"0058150","Goldfinger (1964)"
"1838544","Gone (2012)"
"0031381","Gone with the Wind (1939)"
"0064381","Goodbye, Columbus (1969)"
"1095442","Goodbye Solo (2008)"
"0452625","Good Luck Chuck (2007)"
"0119217","Good Will Hunting (1997)"
"1456635","Goon (2011)"
"1051904","Goosebumps (2015)"
"0348836","Gothika (2003)"
"2349460","Grace Unplugged (2013)"
"0456554","Grandma's Boy (2006)"
"2039345","Grand Piano (2013)"
"0077631","Grease (1978)"
"0084021","Grease 2 (1982)"
"1133985","Green Lantern (2011)"
"0087365","Greystoke: Legend of Tarzan (1984)"
"2081255","Grimm's Snow White (2012)"
"0427312","Grizzly Man (2005)"
"0107048","Groundhog Day (1993)"
"1375670","Grown Ups (2010)"
"2191701","Grown Ups 2 (2013)"
"0113228","Grumpier Old Men (1995)"
"0061735","Guess Who's Coming to Dinner (1967)"
"0104377","Guncrazy (1992)"
"0050468","Gunfight at the O.K. Corral (1957)"
"3957170","Gun Runners (2015)"
"0064395","Guns of the Magnificent Seven (1969)"
"0113243","Hackers (1995)"
"0475290","Hail, Caesar! (2016)"
"0079261","Hair (1979)"
"0373883","Halloween (2007)"
"7889912","Halloween 2 (2009)"
"0120694","Halloween H20: 20 Years Later (1998)"
"0082495","Halloween II (1981)"
"0085636","Halloween III: Season of the Witch (1982)"
"0220506","Halloween: Resurrection (2002)"
"0093137","Hamburger Hill (1987)"
"0099726","Hamlet (1990)"
"0171359","Hamlet (2000)"
"0068673","Hammer (1972)"
"0448157","Hancock (2008)"
"0080836","Hangar 18 (1980)"
"0061747","Hang 'Em High (1968)"
"0091167","Hannah and Her Sisters (1986)"
"0212985","Hannibal (2001)"
"0367959","Hannibal Rising (2007)"
"0044685","Hans Christian Andersen (1952)"
"2415464","Hansel & Gretel (2013)"
"4145350","Hansel vs. Gretel (2015)"
"0308353","Happily N'Ever After (2006)"
"1235837","Happily N'Ever After 2 (2009)"
"5308322","Happy Death Day (2017)"
"0361693","Happy Endings (2005)"
"0366548","Happy Feet (2006)"
"0180734","Hardball (2001)"
"0424136","Hard Candy (2005)"
"3072482","Hardcore Henry (2015)"
"0120696","Hard Rain (1998)"
"0107076","Hard Target (1993)"
"0097481","Harlem Nights (1989)"
"0102005","Harley Davidson and the Marlboro Man (1991)"
"5182856","Harmonium (2016)"
"3518988","Harmontown (2014)"
"0366551","Harold & Kumar Go to White Castle (2004)"
"0116493","Harriet the Spy (1996)"
"0093148","Harry and the Hendersons (1987)"
"0295297","Harry Potter and the Chamber of Secrets (2002)"
"0926084","Harry Potter and the Deathly Hallows: Part 1 (2010)"
"1201607","Harry Potter and the Deathly Hallows: Part 2 (2011)"
"0417741","Harry Potter and the Half-Blood Prince (2009)"
"0241527","Harry Potter and the Sorcerer's Stone (2001)"
"0251114","Hart's War (2002)"
"1614989","Headhunters (2011)"
"0091188","Heartburn (1986)"
"0093164","Heat (1986)"
"0113277","Heat (1995)"
"0110005","Heavenly Creatures (1994)"
"7224180","Heidi (2017)"
"3276924","Heist (2015)"
"2318527","Hell Baby (2013)"
"1865393","Hellbenders (2012)"
"2582782","Hell or High Water (2016)"
"0104409","Hellraiser III: Hell on Earth (1992)"
"0229440","Hellraiser: Inferno (2000)"
"0116514","Hellraiser IV: Bloodline (1996)"
"0097499","Henry V (1989)"
"0097500","Her Alibi (1989)"
"0085672","Hercules (1983)"
"1267297","Hercules (2014)"
"3499424","Hercules Reborn (2014)"
"1648179","Here Comes the Boom (2012)"
"7784604","Hereditary (2018)"
"0102011","He Said, She Said (1991)"
"1403177","Hesher (2010)"
"0382077","Hide and Seek (2005)"
"0144964","Highlander: Endgame (2000)"
"6835572","Highlander III (1994)"
"0299981","Highlander: The Source (2007)"
"1692084","High Road (2011)"
"0338095","High Tension (2003)"
"0032599","His Girl Friday (1940)"
"0386588","Hitch (2005)"
"0975645","Hitchcock (2012)"
"0465494","Hitman (2007)"
"2679042","Hitman Agent 47 (2015)"
"1640459","Hobo with a Shotgun (2011)"
"0104427","Hoffa (1992)"
"2240312","Hold Your Breath (2012)"
"0164052","Hollow Man (2000)"
"0093200","Hollywood Shuffle (1987)"
"0144715","Holy Smoke (1999)"
"0099785","Home Alone (1990)"
"0104431","Home Alone 2: Lost in New York (1992)"
"0113321","Home for the Holidays (1995)"
"2051894","Home Run (2013)"
"0104438","Honeymoon in Vegas (1992)"
"0443536","Hoodwinked! (2005)"
"0102057","Hook (1991)"
"0091217","Hoosiers (1986)"
"0119313","Hope Floats (1998)"
"0451079","Horton Hears a Who! (2008)"
"0450278","Hostel (2005)"
"1880719","Hostel: Part 2 (2007)"
"5834262","Hotel Artemis (2018)"
"0785006","Hotel for Dogs (2009)"
"0395169","Hotel Rwanda (2004)"
"0837562","Hotel Transylvania (2012)"
"2510894","Hotel Transylvania 2 (2015)"
"0425112","Hot Fuzz (2007)"
"2967224","Hot Pursuit (2015)"
"0787475","Hot Rod (2007)"
"0102059","Hot Shots! (1991)"
"0107144","Hot Shots! Part Deux (1993)"
"1231587","Hot Tub Time Machine (2010)"
"2637294","Hot Tub Time Machine 2 (2015)"
"2094018","Hours (2013)"
"0051745","Houseboat (1958)"
"0251736","House of 1000 Corpses (2003)"
"0372334","House of D (2004)"
"0385004","House of Flying Daggers (2004)"
"0093223","House of Games (1987)"
"0317676","House of the Dead (2003)"
"0770810","How She Move (2007)"
"0120703","How Stella Got Her Groove Back (1998)"
"0080895","How to Beat the High Cost (1980)"
"0059287","How to Stuff a Wild Bikini (1965)"
"0286716","Hulk (2003)"
"1325753","Hulk Vs. (2009)"
"1334537","Humpday (2009)"
"3717316","Hunter Gatherer (2016)"
"4698684","Hunt for the Wilderpeople (2016)"
"0410097","Hustle & Flow (2005)"
"1477855","Hyde Park on Hudson (2012)"
"0327919","I Am David (2003)"
"0480249","I Am Legend (2007)"
"1226236","I Am Love (2009)"
"1075746","I Am Omega (2007)"
"0277027","I Am Sam (2001)"
"5120042","I Am the Blues (2015)"
"6450186","I Can Only Imagine (2018)"
"0268380","Ice Age (2002)"
"2024432","Identity Thief (2013)"
"1742650","I Don't Know How She Does It (2011)"
"1355630","If I Stay (2014)"
"1418377","I, Frankenstein (2014)"
"0356721","I Heart Huckabees (2004)"
"0119345","I Know What You Did Last Summer (1997)"
"0319531","I'll Sleep When I'm Dead (2003)"
"1155056","I Love You, Man (2009)"
"0780567","Imagine That (2009)"
"0368794","I'm Not There (2007)"
"0102103","Impromptu (1991)"
"1356864","I'm Still Here (2010)"
"0298845","In America (2002)"
"3608930","In a Valley of Violence (2016)"
"1375666","Inception (2010)"
"0061809","In Cold Blood (1967)"
"3606756","Incredibles 2 (2018)"
"0116629","Independence Day (1996)"
"9407254","Indiana Jones 4 (2008)"
"0097576","Indiana Jones and the Last Crusade (1989)"
"0087469","Indiana Jones and the Temple of Doom (1984)"
"0338564","Infernal Affairs (2002)"
"3062096","Inferno (2016)"
"0361748","Inglourious Basterds (2009)"
"0385267","In Good Company (2004)"
"0053946","Inherit the Wind (1960)"
"0388125","In Her Shoes (2005)"
"0119360","In & Out (1997)"
"0454848","Inside Man (2006)"
"5726086","Insidious: The Last Key (2018)"
"2378281","Instructions Not Included (2013)"
"2908446","Insurgent (2015)"
"0099850","Internal Affairs (1990)"
"4497338","Interrogation (2016)"
"0110146","Intersection (1994)"
"0061811","In the Heat of the Night (1967)"
"0107206","In the Line of Fire (1993)"
"0426615","In the Mix (2005)"
"0378109","Into the Blue (2005)"
"1634121","Intruders (2011)"
"0077745","Invasion of the Body Snatchers (1978)"
"0089348","Invasion U.S.A. (1985)"
"0119381","Inventing the Abbotts (1997)"
"1057500","Invictus (2009)"
"0110099","I.Q. (1994)"
"0280778","Iris (2001)"
"0057187","Irma la Douce (1963)"
"0343818","I, Robot (2004)"
"0371746","Iron Man (2008)"
"1228705","Iron Man 2 (2010)"
"1130088","Is Anybody There? (2008)"
"1588170","I Saw the Devil (2010)"
"0130018","I Still Know What You Did Last Summer (1998)"
"1396484","It (2017)"
"3235888","It Follows (2014)"
"0025316","It Happened One Night (1934)"
"5580036","I, Tonya (2017)"
"0071675","It's Alive (1974)"
"2633942","It's Alive (1979)"
"0057193","It's a Mad, Mad, Mad, Mad World (1963)"
"0038650","It's a Wonderful Life (1946)"
"0051786","It! The Terror from Beyond Space (1958)"
"1116184","Jackass 3D (2010)"
"0493430","Jackass Number Two (2006)"
"3123166","Jackass Presents: Bad Grandpa (2013)"
"0119396","Jackie Brown (1995)"
"0119396","Jackie Brown (1997)"
"2552498","Jack the Giant Killer (2013)"
"0113451","Jade (1995)"
"0226009","Jailbait (2000)"
"4196776","Jason Bourne (2016)"
"0211443","Jason X (2001)"
"0073195","Jaws (1975)"
"0077766","Jaws 2 (1978)"
"0085750","Jaws 3-D (1983)"
"0093300","Jaws: The Revenge (1987)"
"0263488","Jeepers Creepers (2001)"
"0301470","Jeepers Creepers 2 (2003)"
"3614530","Jem and the Holograms (2015)"
"1131734","Jennifer's Body (2009)"
"0068762","Jeremiah Johnson (1972)"
"0116695","Jerry Maguire (1996)"
"2300975","Jessabelle (2014)"
"0486358","Jesus Camp (2006)"
"0186253","Jesus' Son (1999)"
"0102138","JFK (1991)"
"0268397","Jimmy Neutron: Boy Genius (2001)"
"0116705","Jingle All the Way (1996)"
"1772925","Jiro Dreams of Sushi (2011)"
"2382396","Joe (2013)"
"0245686","Joe Dirt (2001)"
"0160672","Joe the King (1999)"
"0228333","John Carpenter's Ghosts of Mars (2001)"
"3668714","John Dies at the End (2013)"
"0274166","Johnny English (2003)"
"1634122","Johnny English Reborn (2011)"
"0426501","Johnny Was (2006)"
"0251160","John Q (2002)"
"0359517","Johnson Family Vacation (2004)"
"0455967","John Tucker Must Die (2006)"
"2911666","John Wick (2014)"
"4425200","John Wick: Chapter 2 (2017)"
"0298388","Jonah: A VeggieTales Movie (2002)"
"0373051","Journey to the Center of the Earth (2008)"
"0119426","Joyride (1997)"
"0055031","Judgment at Nuremberg (1961)"
"0071706","Juggernaut (1974)"
"1135503","Julie & Julia (2009)"
"0113497","Jumanji (1995)"
"2283362","Jumanji: Welcome to the Jungle (2017)"
"0489099","Jumper (2008)"
"0091306","Jumpin' Jack Flash (1986)"
"0467406","Juno (2007)"
"0647395","Ju-on (2002)"
"0367913","Ju-on: The Grudge 2 (2003)"
"1617661","Jupiter Ascending (2015)"
"0107290","Jurassic Park (1993)"
"8583566","Jurassic Park 3 (2001)"
"0369610","Jurassic World (2015)"
"8759720","Jurassic world 2 (2018)"
"5721088","Just Getting Started (2017)"
"1564367","Just Go With It (2011)"
"0974015","Justice League (2017)"
"0425123","Just Like Heaven (2005)"
"0305711","Just Married (2003)"
"0107302","Kalifornia (1993)"
"0116743","Kama Sutra: A Tale of Love (1996)"
"0084191","Kamikaze '89 (1982)"
"6712026","Kavan (2017)"
"7161880","Keanu (2017)"
"1250777","Kick-Ass (2010)"
"1650554","Kick-Ass 2 (2013)"
"0097659","Kickboxer (1989)"
"0113537","Kicking and Screaming (1995)"
"0384642","Kicking & Screaming (2005)"
"1458169","Kidnap (2017)"
"0266697","Kill Bill: Vol. 1 (2003)"
"0378194","Kill Bill: Vol. 2 (2004)"
"1982735","Killer Holiday (2013)"
"0095444","Killer Klowns from Outer Space (1988)"
"1103153","Killers (2010)"
"0048254","Killer's Kiss (1955)"
"2967226","Killing Hasselhoff (2016)"
"1480295","Killing Season (2013)"
"1764234","Killing Them Softly (2012)"
"0443559","Killshot (2008)"
"1216491","Kill the Messenger (2014)"
"0099938","Kindergarten Cop (1990)"
"0320661","Kingdom of Heaven (2005)"
"0024216","King Kong (1933)"
"0074751","King Kong (1976)"
"0360717","King Kong (2005)"
"0478188","King of the Lost World (2005)"
"0116778","Kingpin (1996)"
"0264761","Kissing Jessica Stein (2001)"
"0373469","Kiss Kiss Bang Bang (2005)"
"0119468","Kiss the Girls (1997)"
"1013743","Knight and Day (2010)"
"3605418","Knock Knock (2015)"
"0448011","Knowing (2009)"
"0079417","Kramer vs. Kramer (1979)"
"3850590","Krampus (2015)"
"0085811","Krull (1983)"
"4302938","Kubo and the Two Strings (2016)"
"0240468","Kung Pow: Enter the Fist (2002)"
"0119488","L.A. Confidential (1997)"
"4925292","Lady Bird (2017)"
"0089457","Ladyhawke (1985)"
"0839880","Lake Dead (2007)"
"0139414","Lake Placid (1999)"
"3783958","La La Land (2016)"
"0457400","Land of the Lost (2009)"
"0146316","Lara Croft: Tomb Raider (2001)"
"0146316","Lara Croft Tomb Raider 2 (2003)"
"2547172","Larry Gaye : Renegade Male Flight Attendent (2015)"
"0805564","Lars and the Real Girl (2007)"
"0110305","Lassie (1994)"
"0036098","Lassie Come Home (1943)"
"0107362","Last Action Hero (1993)"
"0408985","Last Holiday (2006)"
"2493486","Last Knights (2015)"
"0068835","Last of the Red Hot Lovers (1972)"
"0070849","Last Tango in Paris (1972)"
"1212450","Lawless (2012)"
"0056172","Lawrence of Arabia (1962)"
"1216492","Leap Year (2010)"
"1327773","Lee Daniels' The Butler (2013)"
"0250494","Legally Blonde (2001)"
"0333780","Legally Blonde 2 (2003)"
"3569230","Legend (2015)"
"0928375","Legend of the Bog (2009)"
"3624354","Legend of the Guardians (2010)"
"0110322","Legends of the Fall (1994)"
"1038686","Legion (2010)"
"0071746","Lenny (1974)"
"0478197","Leonard Cohen: I'm Your Man (2005)"
"0107387","Leprechaun (1993)"
"0110329","Leprechaun 2 (1994)"
"0113636","Leprechaun 3 (1995)"
"0116861","Leprechaun 4: In Space (1997)"
"8265976","Leprechaun: Back 2 tha Hood (2003)"
"8265974","Leprechaun in the Hood (2000)"
"2345613","Leprechaun: Origins (2014)"
"0093409","Lethal Weapon (1987)"
"0097733","Lethal Weapon 2 (1989)"
"0892318","Letters to Juliet (2010)"
"1139797","Let the Right One In (2008)"
"0097737","Leviathan (1989)"
"0097742","Licence to Kill (1989)"
"5442430","Life (2017)"
"2581244","Life After Beth (2014)"
"3917210","Life, Animated (2016)"
"0089489","Lifeforce (1985)"
"0118799","Life is Beautiful (1997)"
"2708254","Life of a King (2013)"
"1663207","Life of Crime (2013)"
"0102303","Life Stinks (1991)"
"0891527","Lions for Lambs (2007)"
"1623745","Little Birds (2011)"
"0970866","Little Fockers (2010)"
"0102316","Little Man Tate (1991)"
"0449059","Little Miss Sunshine (2006)"
"0097758","Little Monsters (1989)"
"0070328","Live and Let Die (1973)"
"0337978","Live Free or Die Hard (2007)"
"0120735","Lock, Stock and Two Smoking Barrels (1998)"
"1592873","LOL (2012)"
"0056193","Lolita (1962)"
"1091191","Lone Survivor (2013)"
"0085862","Lone Wolf McQuade (1983)"
"0100054","Lord of the Flies (1990)"
"0399295","Lord of War (2005)"
"0355702","Lords of Dogtown (2005)"
"0113691","Losing Isaiah (1995)"
"0245238","Lost and Delirious (2001)"
"0089504","Lost in America (1985)"
"0335266","Lost in Translation (2003)"
"0314331","Love Actually (2003)"
"3022594","Love and Other Drugs (2010)"
"0104765","Love Field (1992)"
"0258273","Lovely & Amazing (2001)"
"0234137","Love & Sex (2000)"
"5164432","Love, Simon (2018)"
"2279339","Love the Coopers (2015)"
"0338216","Lucky You (2007)"
"2872732","Lucy (2014)"
"0125879","Lulu on the Bridge (1998)"
"0095560","Mac and Me (1988)"
"1470023","MacGruber (2010)"
"0985694","Machete (2010)"
"0119592","Mad City (1997)"
"0227005","Made (2001)"
"0438205","Mad Hot Ballroom (2005)"
"0363276","Madhouse (2004)"
"0079501","Mad Max (1979)"
"0082694","Mad Max 2: The Road Warrior (1981)"
"0089530","Mad Max Beyond Thunderdome (1985)"
"1392190","Mad Max: Fury Road (2015)"
"0102370","Madonna: Truth or Dare (1991)"
"4077630","Mad Tiger (2017)"
"0070355","Magnum Force (1973)"
"2023587","Mama (2013)"
"0795421","Mamma Mia! (2008)"
"0420757","Man About Town (2006)"
"0079522","Manhattan (1979)"
"0093493","Mannequin (1987)"
"0102395","Mannequin: On the Move (1991)"
"0068909","Man of La Mancha (1972)"
"0770828","Man of Steel (2013)"
"1568338","Man on a Ledge (2012)"
"0328107","Man on Fire (2004)"
"1155592","Man on Wire (2008)"
"0290747","Man-Thing (2005)"
"3064298","Man Up (2015)"
"0266747","Marci X (2003)"
"1615147","Margin Call (2011)"
"0757361","Margot at the Wedding (2007)"
"0100114","Marked for Death (1990)"
"0822832","Marley & Me (2008)"
"0095593","Married to the Mob (1988)"
"0116996","Mars Attacks (1996)"
"0048356","Marty (1955)"
"0066026","MASH (1970)"
"0311113","Master and Commander (2003)"
"0416320","Match Point (2005)"
"0325805","Matchstick Men (2003)"
"0433412","Material Girls (2006)"
"0117008","Matilda (1996)"
"3369806","Max (2015)"
"0303361","May (2002)"
"0067411","McCabe & Mrs. Miller (1971)"
"0377091","Mean Creek (2004)"
"0377092","Mean Girls (2004)"
"0291341","Mean Machine (2001)"
"0070379","Mean Streets (1973)"
"0079540","Meatballs (1979)"
"0119643","Meet Joe Black (1998)"
"1436432","MegaFault (2009)"
"4899370","Megan Leavey (2017)"
"1587807","Mega Piranha (2010)"
"1680138","Mega Python vs. Gatoroid (2011)"
"1705773","Mega Shark vs. Crocosaurus (2010)"
"1350498","Mega Shark vs. Giant Octopus (2009)"
"4566574","Mega Shark vs. Kolossus (2015)"
"3152098","Mega Shark vs. Mecha Shark (2014)"
"1527186","Melancholia (2011)"
"0209144","Memento (2000)"
"0100133","Memphis Belle (1990)"
"0183505","Me, Myself & Irene (2000)"
"0100135","Men at Work (1990)"
"0119654","Men in Black (1997)"
"1409024","Men in Black 3 (2012)"
"0120912","Men in Black II (2002)"
"0203019","Men of Honor (2000)"
"0263734","Men with Brooms (2002)"
"1368116","Merantau (2009)"
"3598222","Mercenaries (2014)"
"3503840","Mercenary: Absolution (2015)"
"0860462","Mercury Man (2006)"
"1294699","Merlin and the War of the Dragons (2008)"
"0100140","Mermaids (1990)"
"3321300","MI-5 (2015)"
"1251757","Middle Men (2009)"
"1253596","Midgets Vs. Mascots (2009)"
"0795426","Midnight Clear (2006)"
"0064665","Midnight Cowboy (1969)"
"0037913","Mildred Pierce (1945)"
"0110516","Milk Money (1994)"
"0119675","Mimic (1997)"
"2621126","Mindless Behavior: All Around the World (2013)"
"10146586","Minecraft: Into the Nether (2015)"
"2293640","Minions (2015)"
"0039628","Miracle on 34th Street (1947)"
"1763256","Mischief Night (2014)"
"0100157","Misery (1990)"
"0087727","Missing in Action (1984)"
"0117060","Mission: Impossible (1996)"
"0117060","Mission: Impossible 2 (2000)"
"0117060","Mission: Impossible 3 (2006)"
"1229238","Mission: Impossible - Ghost Protocol (2011)"
"2381249","Mission: Impossible - Rogue Nation (2015)"
"0095647","Mississippi Burning (1988)"
"2349144","Mississippi Grind (2015)"
"2245003","Miss You Already (2015)"
"0048380","Mister Roberts (1955)"
"1943806","Moka (2017)"
"2241351","Money Monster (2016)"
"0385880","Monster House (2006)"
"1470827","Monsters (2010)"
"0285742","Monster's Ball (2001)"
"0079574","Moonraker (1979)"
"1748122","Moonrise Kingdom (2012)"
"0093565","Moonstruck (1987)"
"1126618","Morning Glory (2010)"
"0113855","Mortal Kombat (1995)"
"3045616","Mortdecai (2015)"
"0246772","Mostly Martha (2001)"
"0081184","Motel Hell (1980)"
"0117091","Mother (1996)"
"1216496","Mother (2009)"
"4397414","Motivation 2: The Chris Cole Story (2015)"
"6231792","Moto 8: The Movie (2016)"
"0203009","Moulin Rouge! (2001)"
"0100196","Mountains of the Moon (1990)"
"0119715","Mousehunt (1997)"
"0453451","Mr. Bean's Holiday (2007)"
"0280590","Mr. Deeds (2002)"
"0416051","Mr. Fix It (2006)"
"3168230","Mr. Holmes (2015)"
"0119717","Mr. Jealousy (1997)"
"0085970","Mr. Mom (1983)"
"0107614","Mrs. Doubtfire (1993)"
"0031679","Mr. Smith Goes to Washington (1939)"
"0107616","Much Ado About Nothing (1993)"
"2094064","Much Ado About Nothing (2012)"
"1935179","Mud (2012)"
"0117108","Multiplicity (1996)"
"0079592","Murder by Decree (1979)"
"0264935","Murder by Numbers (2002)"
"0113870","Murder in the First (1995)"
"0490181","Mutant Chronicles (2008)"
"0056264","Mutiny on the Bounty (1962)"
"5325030","My Art (2016)"
"0095684","My Best Friend Is a Vampire (1987)"
"1046163","My Best Friend's Girl (2008)"
"3760922","My Big Fat Greek Wedding 2 (2016)"
"1179891","My Bloody Valentine (2009)"
"0104952","My Cousin Vinny (1992)"
"0056267","My Geisha (1962)"
"0102492","My Girl (1991)"
"4131800","My Little Pony: The Movie (2017)"
"2166934","My Man Is a Loser (2014)"
"1237838","Mystery Team (2009)"
"0095690","Mystic Pizza (1988)"
"0327056","Mystic River (2003)"
"1655420","My Week with Marilyn (2011)"
"0110622","Naked Gun 33 1/3: The Final Insult (1994)"
"0479500","Nancy Drew (2007)"
"0374900","Napoleon Dynamite (2004)"
"0272207","Narc (2002)"
"3121332","Nasty Baby (2015)"
"0097958","National lampoon's Christmas Vacation (1989)"
"0100232","Navy SEALS (1990)"
"2130142","Nazis at the Center of the Earth (2012)"
"0093605","Near Dark (1987)"
"7109844","Neat: The Story of Bourbon (2017)"
"0066130","Ned Kelly (1970)"
"2004420","Neighbors (2014)"
"4438848","Neighbors 2: Sorority Rising (2016)"
"0473692","Neil Young: Heart of Gold (2006)"
"0110638","Nell (1994)"
"4698584","Neruda (2016)"
"1023111","Never Back Down (2008)"
"0151738","Never Been Kissed (1999)"
"0086006","Never Say Never Again (1983)"
"5278578","Newtown (2016)"
"0435705","Next (2007)"
"1097013","Next Day Air (2009)"
"0195945","Next Friday (2000)"
"0309912","Nicholas Nickleby (2002)"
"0981227","Nick and Norah's Infinite Playlist (2008)"
"0113972","Nick of Time (1995)"
"0477347","Night at the Museum (2006)"
"0119783","Night Falls on Manhattan (1996)"
"2236160","Nightlight (2015)"
"0063350","Night of the Living Dead (1968)"
"0100258","Night of the Living Dead (1990)"
"0875034","Nine (2009)"
"0318497","Nine Lives (2002)"
"2458106","Ninja: Shadow of a Tear (2013)"
"0031725","Ninotchka (1939)"
"1959490","Noah (2014)"
"0477348","No Country for Old Men (2007)"
"4550098","Nocturnal Animals (2016)"
"2024469","Non-Stop (2014)"
"0053125","North by Northwest (1959)"
"0395972","North Country (2005)"
"0079640","North Dallas Forty (1979)"
"0322659","Northfork (2003)"
"1808339","Not Another Happy Ending (2013)"
"0277371","Not Another Teen Movie (2001)"
"0102555","Not Without My Daughter (1991)"
"0234354","Novocaine (2001)"
"0093640","No Way Out (1987)"
"0063356","No Way to Treat a Lady (1968)"
"1266029","Nowhere Boy (2009)"
"0035140","Now, Voyager (1942)"
"1670345","Now You See Me (2013)"
"1913166","Nurse 3D (2012)"
"0093660","Nuts (1987)"
"1937390","Nymphomaniac (2013)"
"2382009","Nymphomaniac: Vol. II (2013)"
"1483013","Oblivion (2013)"
"0054135","Ocean's 11 (1960)"
"0240772","Ocean's Eleven (2001)"
"0496806","Ocean's Thirteen (2007)"
"0349903","Ocean's Twelve (2004)"
"0086034","Octopussy (1983)"
"1711525","Office Christmas Party (2016)"
"0151804","Office Space (1999)"
"0105046","Of Mice and Men (1992)"
"0348694","Oh, God! (1997)"
"0302886","Old School (2003)"
"0078024","Oliver's Story (1978)"
"0410400","On A Clear Day... (1970)"
"0089730","Once Bitten (1985)"
"0073190","Once Is Not Enough (1975)"
"0101625","Once Upon a Crime (1992)"
"0064116","Once Upon a Time in the West (1968)"
"1235796","Ondine (2009)"
"4005332","One Direction: The Inside Story (2014)"
"0073486","One Flew Over The Cuckoo's Nest (1975)"
"1598828","One for the Money (2012)"
"0265459","One Hour Photo (2002)"
"0368909","Ong Bak (2003)"
"0785035","Ong Bak 2 (2008)"
"1653690","Ong Bak 3: The Final Battle (2010)"
"0082846","On Golden Pond (1981)"
"0064757","On Her Majesty's Secret Service (1969)"
"3829920","Only the Brave (2017)"
"0047296","On the Waterfront (1954)"
"0400717","Open Season (2006)"
"0374102","Open Water (2003)"
"0125659","Open Your Eyes (1997)"
"0099558","Operation Condor (1991)"
"0099558","Operation Condor 2 (1986)"
"5052524","Operator (2016)"
"0218922","Original Sin (2001)"
"0181739","Osmosis Jones (2001)"
"0091699","Otello (1986)"
"1204977","Ouija (2014)"
"4361050","Ouija: Origin of Evil (2016)"
"1305583","Our Family Wedding (2010)"
"1637706","Our Idiot Brother (2011)"
"0098042","Out Cold (1989)"
"0089755","Out of Africa (1985)"
"0120780","Out of Sight (1998)"
"0093693","Overboard (1987)"
"0804516","P2 (2007)"
"1663662","Pacific Rim (2013)"
"2557478","Pacific Rim: Uprising (2018)"
"0258000","Panic Room (2002)"
"0070510","Paper Moon (1973)"
"1179904","Paranormal Activity (2007)"
"1536044","Paranormal Activity 2 (2010)"
"1778304","Paranormal Activity 3 (2011)"
"2109184","Paranormal Activity 4 (2012)"
"2473510","Paranormal Activity: The Ghost Dimension (2015)"
"2473682","Paranormal Activity: The Marked Ones (2014)"
"1586261","Paranormal Entity (2009)"
"1623288","ParaNorman (2012)"
"2345112","Parkland (2013)"
"1355644","Passengers (2016)"
"0129290","Patch Adams (1998)"
"0050825","Paths of Glory (1957)"
"0066206","Patton (1970)"
"1092026","Paul (2011)"
"1114740","Paul Blart: Mall Cop (2009)"
"1596345","Pawn Sacrifice (2014)"
"0120784","Payback (1999)"
"1699755","Peeples (2013)"
"0089791","Pee-wee's Big Adventure (1985)"
"0093713","Pelle the Conqueror (1987)"
"0472160","Penelope (2006)"
"0814255","Percy Jackson & the Olympians (2010)"
"0396171","Perfume: The Story of a Murderer (2006)"
"0120788","Permanent Midnight (1998)"
"5117670","Peter Rabbit (2018)"
"0105128","Pet Sematary II (1992)"
"0079714","Phantasm (1979)"
"0119891","Phantoms (1998)"
"5776858","Phantom Thread (2017)"
"0107818","Philadelphia (1993)"
"0183649","Phone Booth (2002)"
"0138704","Pi (1998)"
"0119896","Picture Perfect (1997)"
"0311648","Pieces of April (2003)"
"0910936","Pineapple Express (2008)"
"0255477","Pinocchio (2002)"
"0464154","Piranha 3D (2010)"
"0134847","Pitch Black (2000)"
"1981677","Pitch Perfect (2012)"
"2848292","Pitch Perfect 2 (2015)"
"4765284","Pitch Perfect 3 (2017)"
"0093748","Planes, Trains & Automobiles (1987)"
"0063442","Planet of the Apes (1968)"
"1077258","Planet Terror (2007)"
"0091763","Platoon (1986)"
"0069097","Play It Again, Sam (1972)"
"0067589","Plaza Suite (1971)"
"2226519","Plush (2013)"
"0102685","Point Break (1991)"
"0089822","Police Academy 2 (1985)"
"0091777","Police Academy 3: Back in Training (1986)"
"0091778","Poltergeist II: The Other Side (1986)"
"0258038","Pootie Tang (2001)"
"0081353","Popeye (1980)"
"9179186","Popstar (2016)"
"0409182","Poseidon (2006)"
"0107863","Posse (1993)"
"3717490","Power Rangers (2017)"
"0929632","Precious (2009)"
"0093773","Predator (1987)"
"0100403","Predator 2 (1990)"
"0078111","Pretty Baby (1978)"
"0307351","Prey for Rock & Roll (2003)"
"0482088","Priceless (2006)"
"1374989","Pride and Prejudice and Zombies (2016)"
"0414387","Pride & Prejudice (2005)"
"2195548","Prince Avalanche (2013)"
"1531911","Princess of Mars (2009)"
"0406158","Prize Winner of Defiance Ohio (2005)"
"3578170","Promised Land (2013)"
"0377107","Proof (2005)"
"6421110","Proud Mary (2018)"
"0236640","Prozac Nation (2001)"
"0054215","Psycho (1960)"
"1152836","Public Enemies (2009)"
"3203890","Pulling Strings (2013)"
"0110912","Pulp Fiction (1994)"
"0095925","Pumpkinhead (1988)"
"1582248","Puncture (2011)"
"0465580","Push (2009)"
"0117407","Pusher (1996)"
"0396184","Pusher 2 (2004)"
"0425379","Pusher 3 (2005)"
"0830515","Quantum of Solace (2008)"
"0238546","Queen of the Damned (2002)"
"0120800","Quest for Camelot (1998)"
"0102744","Quigley Down Under (1990)"
"0935075","Rabbit Hole (2010)"
"0081398","Raging Bull (1980)"
"1551621","Raging Phoenix (2009)"
"0082970","Ragtime (1981)"
"0082971","Raiders of the Lost Ark (1981)"
"0095953","Rain Man (1988)"
"0093822","Raising Arizona (1987)"
"0102753","Rambling Rose (1991)"
"0462499","Rambo (2008)"
"1640548","Rampart (2011)"
"1879032","Rapturepalooza (2012)"
"0250687","Rat Race (2001)"
"0089886","Real Genius (1985)"
"0110950","Reality Bites (1994)"
"0047396","Rear Window (1954)"
"2304953","Reasonable Doubt (2014)"
"0032976","Rebecca (1940)"
"0048545","Rebel Without a Cause (1955)"
"1245112","REC 2 (2009)"
"1649444","REC 3: Genesis (2012)"
"3202890","Reclaim (2014)"
"1245526","Red (2010)"
"1821694","Red 2 (2013)"
"0425637","Red Cliff (2008)"
"1326972","Red Cliff, Part 2 (2009)"
"0087985","Red Dawn (1984)"
"0421239","Red Eye (2005)"
"1748179","Red Lights (2012)"
"1486185","Red Riding Hood (1989)"
"0040724","Red River (1948)"
"0873886","Red State (2011)"
"1403981","Remember Me (2010)"
"0499554","Reno 911!: Miami (2007)"
"4229308","Repentance (2014)"
"0180093","Requiem for a Dream (2000)"
"0462504","Rescue Dawn (2006)"
"0105236","Reservoir Dogs (1992)"
"6414866","Residente (2017)"
"7248014","Resident Evil: The Final Chapter (2017)"
"1391116","Resistance (2011)"
"0382943","Return to Sleepaway Camp (2008)"
"1396523","Revenge of the Green Dragons (2014)"
"0078163","Revenge of the Pink Panther (1978)"
"0100486","Reversal of Fortune (1990)"
"0959337","Revolutionary Road (2008)"
"0110989","Richie Rich (1994)"
"1411250","Riddick (2013)"
"1408253","Ride Along (2014)"
"2869728","Ride Along 2 (2016)"
"0498381","Rings (2017)"
"1436562","Rio (2011)"
"0790736","R.I.P.D. (2013)"
"1318514","Rise of the Planet of the Apes (2011)"
"2236182","Rise of the Zombies (2012)"
"0098206","Road House (1989)"
"0257044","Road to Perdition (2002)"
"0215129","Road Trip (2000)"
"4530832","Road Wars (2015)"
"0107977","Robin Hood: Men in Tights (1993)"
"0093870","RoboCop (1987)"
"1234721","RoboCop (2014)"
"0100502","RoboCop 2 (1990)"
"0358082","Robots (2005)"
"0114287","Rob Roy (1995)"
"2481480","Rob the Mob (2014)"
"3164256","Rock the Kasbah (2015)"
"0075148","Rocky (1976)"
"0479143","Rocky Balboa (2006)"
"0079817","Rocky II (1979)"
"0084602","Rocky III (1982)"
"0089927","Rocky IV (1985)"
"0100507","Rocky V (1990)"
"0299117","Roger Dodger (2002)"
"6000478","Roman J. Israel, Esq. (2017)"
"0107983","Romeo Is Bleeding (1993)"
"0117509","Romeo + Juliet (1996)"
"0122690","Ronin (1998)"
"0100519","Rosencrantz & Guildenstern Are Dead (1990)"
"4799050","Rough Night (2017)"
"0093886","Roxanne (1987)"
"1612774","Rubber (2010)"
"0108002","Rudy (1993)"
"0337711","Rugrats Go Wild (2003)"
"1974420","Rules Don't Apply (2016)"
"0111762","Run (1994)"
"2297604","Run (2013)"
"0091875","Running Scared (1986)"
"1979320","Rush (2013)"
"0120812","Rush Hour (1998)"
"0293564","Rush Hour 3 (2007)"
"0089945","Rustlers' Rhapsody (1985)"
"1656190","Safe (2012)"
"1599348","Safe House (2012)"
"0944835","Salt (2010)"
"4547120","San Andreas Quake (2015)"
"0881320","Sanctum (2011)"
"1700841","Sausage Party (2016)"
"0206275","Save the Last Dance (2001)"
"0120815","Saving Private Ryan (1998)"
"0387564","Saw (2004)"
"0432348","Saw 2 (2005)"
"0489270","Saw 3 (2006)"
"0890870","Saw 4 (2007)"
"1132626","Saw 5 (2008)"
"7557718","Saw: The Final Chapter (2010)"
"1233227","Saw VI (2009)"
"0098258","Say Anything... (1989)"
"0081455","Scanners (1981)"
"0086250","Scarface (1983)"
"0175142","Scary Movie (2000)"
"0306047","Scary Movie 3 (2003)"
"0362120","Scary Movie 4 (2006)"
"0795461","Scary Movie 5 (2013)"
"0105323","Scent of a Woman (1992)"
"0108052","Schindler's List (1993)"
"0462519","School for Scoundrels (2006)"
"0105327","School Ties (1992)"
"0388395","Schultze Gets the Blues (2003)"
"0267913","Scooby-Doo (2002)"
"0419121","Scooby Doo 2: Monsters Unleashed (2004)"
"0286947","Scorched (2003)"
"0070653","Scorpio (1973)"
"0117571","Scream (1996)"
"1262416","Scream 4 (2011)"
"0274812","Secretary (2002)"
"0387575","Seed of Chucky (2004)"
"1307068","Seeking a Friend for the End of the World (2012)"
"3106120","See No Evil 2 (2014)"
"0250720","See Spot Run (2001)"
"0120094","Selena (1997)"
"2140379","Self/less (2015)"
"0078227","Semi-Tough (1977)"
"0114388","Sense and Sensibility (1995)"
"9567068","Serenity (2006)"
"0261289","Serving Sara (2002)"
"0047472","Seven Brides for Seven Brothers (1954)"
"1121096","Seventh Son (2014)"
"1956620","Sex Tape (2014)"
"0203119","Sexy Beast (2000)"
"1770734","Shadow Dancer (2012)"
"6153962","Shadowman (2017)"
"0189998","Shadow of the Vampire (2000)"
"1453403","Shadows & Lies (2010)"
"0256380","Shallow Hal (2001)"
"0046303","Shane (1953)"
"0091934","Shanghai Surprise (1986)"
"0286112","Shaolin Soccer (2001)"
"8139776","Sharkboy and Lavagirl 3-D (2005)"
"2724064","Sharknado (2013)"
"3062074","Sharknado 2: The Second One (2014)"
"3899796","Sharknado 3: Oh Hell No! (2015)"
"2292182","Shark Week (2012)"
"0323944","Shattered Glass (2003)"
"2872750","Shaun the Sheep Movie (2015)"
"0098309","She-Devil (1989)"
"0988045","Sherlock Holmes (2009)"
"1522835","Sherlock Holmes (2010)"
"0160862","She's All That (1999)"
"1767372","She's Funny That Way (2014)"
"0096094","She's Having a Baby (1988)"
"0815236","She's Out of My League (2010)"
"0454945","She's the Man (2006)"
"0117628","She's the One (1996)"
"0822854","Shooter (2007)"
"0091949","Short Circuit (1986)"
"0102915","Showdown in Little Tokyo (1991)"
"0114436","Showgirls (1995)"
"0212235","Shriek If You Know What I Did (2000)"
"0492486","Shrooms (2007)"
"1130884","Shutter Island (2010)"
"3397884","Sicario (2015)"
"5052474","Sicario: Day of the Soldado (2018)"
"0386032","Sicko (2007)"
"0239986","Sidewalks of New York (2001)"
"0375063","Sideways (2004)"
"0090022","Silverado (1985)"
"1045658","Silver Linings Playbook (2012)"
"0401792","Sin City (2005)"
"3470600","Sing (2016)"
"0105414","Single White Female (1992)"
"2752772","Sinister 2 (2015)"
"1850457","Sisters (2015)"
"0108149","Six Degrees of Separation (1993)"
"1074638","Skyfall (2012)"
"1564585","Skyline (2010)"
"0108160","Sleepless in Seattle (1993)"
"6545238","Sleight (2017)"
"0439815","Slither (2006)"
"0108162","Sliver (1993)"
"0120831","Slums of Beverly Hills (1998)"
"0122718","Small Soldiers (1998)"
"0076729","Smokey and the Bandit (1977)"
"2398241","Smurfs: The Lost Village (2017)"
"0843873","Snakes on a Train (2006)"
"0208092","Snatch (2000)"
"0105435","Sneakers (1992)"
"3776288","Sniper Legacy (2014)"
"0184907","Snow Day (2000)"
"0093999","Snow White (1987)"
"1735898","Snow White and the Huntsman (2012)"
"0102951","Soapdish (1991)"
"0108174","So I Married an Axe Murderer (1993)"
"0053291","Some Like It Hot (1959)"
"0244970","Someone Like You... (2001)"
"0091983","Something Wild (1986)"
"3263408","Somewhere in the Middle (2015)"
"0108187","Son of the Pink Panther (1993)"
"1232783","Sorority Row (2009)"
"0040823","Sorry, Wrong Number (1948)"
"0120169","Soul Food (1997)"
"5974624","Soul on a String (2016)"
"0367085","Soul Plane (2004)"
"1766094","So Undercover (2012)"
"1278449","Sound of Noise (2010)"
"0945513","Source Code (2011)"
"5996444","Southbound (2016)"
"0094012","Spaceballs (1987)"
"0186566","Space Cowboys (2000)"
"0371246","Spanglish (2004)"
"3233418","Spare Parts (2015)"
"3228088","Spark: A Space Tail (2017)"
"0054331","Spartacus (1960)"
"0360009","Spartan (2004)"
"0479162","Special (2006)"
"0114508","Species (1995)"
"0120841","Species II (1998)"
"2379713","Spectre (2015)"
"0111257","Speed (1994)"
"0120179","Speed 2: Cruise Control (1997)"
"0811080","Speed Racer (2008)"
"0038109","Spellbound (1945)"
"0120184","Sphere (1998)"
"0316654","Spider-Man 2 (2004)"
"0413300","Spider-Man 3 (2007)"
"6916984","Spider-Man Homecoming (2017)"
"2250912","Spider-Man: Homecoming (2017)"
"6521284","Spider-Man Movie (2002)"
"1659216","Spiders 3D (2013)"
"0090056","Spies Like Us (1985)"
"1031280","Splinter (2008)"
"8505818","Split (2017)"
"1895587","Spotlight (2015)"
"3079380","Spy (2015)"
"0338459","Spy Kids 3-D: Game Over (2003)"
"1517489","Spy Kids 4 (2011)"
"0092003","Stagecoach (1986)"
"0094027","Stand and Deliver (1988)"
"0092005","Stand by Me (1986)"
"1389096","Stand Up Guys (2012)"
"0100680","Stanley & Iris (1990)"
"0486655","Stardust (2007)"
"0111282","Stargate (1994)"
"0929629","Stargate: Continuum (2008)"
"0942903","Stargate: The Ark of Truth (2008)"
"0088172","Starman (1984)"
"0120201","Starship Troopers (1997)"
"0796366","Star Trek (2009)"
"0088170","Star Trek 3: The Search for Spock (1984)"
"0092007","Star Trek 4: The Voyage Home (1986)"
"0098382","Star Trek 5: The Final Frontier (1989)"
"0117731","Star Trek: First Contact (1996)"
"0111280","Star Trek: Generations (1994)"
"0120844","Star Trek: Insurrection (1998)"
"1408101","Star Trek Into Darkness (2013)"
"0253754","Star Trek: Nemesis (2002)"
"0079945","Star Trek: The Motion Picture (1979)"
"0102975","Star Trek: The Undiscovered Country (1991)"
"0084726","Star Trek: The Wrath of Khan (1982)"
"2488496","Star Wars: Episode VII - The Force Awakens (2015)"
"0075268","Stay Hungry (1976)"
"0382992","Stealth (2005)"
"0098384","Steel Magnolias (1989)"
"0090060","St. Elmo's Fire (1985)"
"0838283","Step Brothers (2008)"
"7430056","Stephen King's IT (1990)"
"0308508","Step Into Liquid (2003)"
"0120686","Stepmom (1998)"
"2626350","Step Up All In (2014)"
"1800741","Step Up Revolution (2012)"
"2080374","Steve Jobs (2015)"
"0145531","Stigmata (1999)"
"0084732","Still of the Night (1982)"
"0164181","Stir of Echoes (1999)"
"0805619","Stir of Echoes: The Homecoming (2007)"
"1656186","Stolen (2012)"
"0489281","Stop-Loss (2008)"
"2024506","Straight A's (2013)"
"1398426","Straight Outta Compton (2015)"
"0044079","Strangers on a Train (1951)"
"0111301","Street Fighter (1994)"
"0083131","Stripes (1981)"
"0164912","Stuart Little (1999)"
"0243585","Stuart Little 2 (2002)"
"2205697","Stuck in Love (2012)"
"0114576","Sudden Death (1995)"
"3077214","Suffragette (2015)"
"0120241","Suicide Kings (1997)"
"1386697","Suicide Squad (2016)"
"0234829","Summer Catch (2001)"
"0094072","Summer School (1987)"
"1270792","Sunday School Musical (2008)"
"0043014","Sunset Blvd. (1950)"
"1650062","Super 8 (2011)"
"0829482","Superbad (2007)"
"0088206","Supergirl (1984)"
"0426592","Superhero Movie (2008)"
"0086393","Superman III (1983)"
"6815354","Superman IV (1987)"
"0348150","Superman Returns (2006)"
"6819330","Superman the Movie (1978)"
"0134983","Supernova (2000)"
"0247745","Super Troopers (2001)"
"0423294","Surf's Up (2007)"
"1134854","Survival of the Dead (2009)"
"0252028","Surviving Christmas (2004)"
"0324127","Suspect Zero (2004)"
"0084745","Swamp Thing (1982)"
"0257076","S.W.A.T. (2003)"
"0479760","Sweeney Todd (2007)"
"0051036","Sweet Smell of Success (1957)"
"2582498","Sweet Virginia (2017)"
"0283026","Swimfan (2002)"
"0114594","Swimming with Sharks (1994)"
"7018780","Swing State (2016)"
"0244244","Swordfish (2001)"
"2763304","T2 Trainspotting (2017)"
"3142366","Take Me to the River (2015)"
"1592281","Take This Waltz (2011)"
"0086814","Tales from the Darkside (1990)"
"0415306","Talladega Nights (2006)"
"0114614","Tank Girl (1995)"
"0316732","Taxi (2004)"
"0075314","Taxi Driver (1976)"
"0133046","Teaching Mrs. Tingle (1999)"
"0372588","Team America: World Police (2004)"
"1637725","Ted (2012)"
"2637276","Ted 2 (2015)"
"1291150","Teenage Mutant Ninja Turtles (2014)"
"0100758","Teenage Mutant Ninja Turtles 2 (2016)"
"3949660","Teenage Mutant Ninja Turtles: Out of the Shadows (2016)"
"0098453","Teen Witch (1989)"
"0090142","Teen Wolf (1985)"
"0780622","Teeth (2007)"
"2724236","Tell (2014)"
"0103064","Terminator 2: Judgment Day (1991)"
"0438488","Terminator Salvation (2009)"
"1572315","Texas Chainsaw (2013)"
"0193560","Texas Rangers (2001)"
"1932718","Thanks for Sharing (2012)"
"0427944","Thank You for Smoking (2005)"
"1232200","That's My Boy (2012)"
"0117887","That Thing You Do! (1996)"
"1935896","The ABCs of Death (2012)"
"2140479","The Accountant (2016)"
"1385826","The Adjustment Bureau (2011)"
"0096764","The Adventures of Baron Munchausen (1988)"
"1655441","The Age of Adaline (2015)"
"0948470","The Amazing Spider-Man (2012)"
"1872181","The Amazing Spider-Man 2 (2014)"
"0078767","The Amityville Horror (1979)"
"1294970","The Angriest Man in Brooklyn (2014)"
"0052564","The Angry Red Planet (1959)"
"0053604","The Apartment (1960)"
"0118632","The Apostle (1997)"
"0080380","The Apple (1980)"
"2586118","The Ardennes (2015)"
"0115571","The Arrival (1996)"
"1655442","The Artist (2011)"
"0042208","The Asphalt Jungle (1950)"
"0064045","The Assassination Bureau (1969)"
"0429493","The A-Team (2010)"
"0118661","The Avengers (1998)"
"0848228","The Avengers (2012)"
"0835418","The Babymakers (2012)"
"0065446","The Ballad of Cable Hogue (1970)"
"0280460","The Banger Sisters (2002)"
"0200465","The Bank Job (2008)"
"1713476","The Bay (2012)"
"0163978","The Beach (2000)"
"0083629","The Beast Within (1982)"
"1321860","The Beaver (2011)"
"0037536","The Bells of St. Mary's (1945)"
"1412386","The Best Exotic Marigold Hotel (2011)"
"0430919","The Best Man (2005)"
"2083355","The Best Man Holiday (2013)"
"0090713","The Best of Times (1986)"
"3691740","The BFG (2016)"
"0051411","The Big Country (1958)"
"0092654","The Big Easy (1986)"
"0321442","The Big Empty (2003)"
"0189584","The Big Kahuna (1999)"
"0118715","The Big Lebowski (1998)"
"0124295","The Big One (1997)"
"5462602","The Big Sick (2017)"
"1931435","The Big Wedding (2012)"
"0115685","The Birdcage (1996)"
"0056869","The Birds (1963)"
"0078872","The Black Stallion (1979)"
"0185937","The Blair Witch Project (1999)"
"0080453","The Blue Lagoon (1980)"
"0080455","The Blues Brothers (1980)"
"4572792","The Book of Henry (2017)"
"0094783","The Boost (1988)"
"2702724","The Boss (2016)"
"0086993","The Bounty (1984)"
"0258463","The Bourne Identity (2002)"
"1194173","The Bourne Legacy (2012)"
"0372183","The Bourne Supremacy (2004)"
"0440963","The Bourne Ultimatum (2007)"
"0787474","The Boxtrolls (2014)"
"3181822","The Boy Next Door (2015)"
"0088847","The Breakfast Club (1985)"
"0050212","The Bridge on the River Kwai (1957)"
"0109340","The Browning Version (1994)"
"0051436","The Buccaneer (1958)"
"0101523","The Butcher's Wife (1991)"
"0289879","The Butterfly Effect (2004)"
"2335539","The Cabin in the Woods (2012)"
"0115798","The Cable Guy (1996)"
"1488555","The Change-Up (2011)"
"0296572","The Chronicles of Riddick (2004)"
"0406650","The Chumscrubber (2005)"
"0124315","The Cider House Rules (1999)"
"1366365","The Cold Light of Day (2012)"
"0088939","The Color Purple (1985)"
"1590193","The Commuter (2018)"
"1457767","The Conjuring (2013)"
"3065204","The Conjuring 2 (2016)"
"0071360","The Conversation (1974)"
"0318374","The Cooler (2003)"
"0298814","The Core (2003)"
"0094910","The Couch Trip (1988)"
"0055871","The Counterfeit Traitor (1962)"
"0049096","The Court Jester (1956)"
"0115963","The Craft (1996)"
"0305396","The Crocodile Hunter: Collision Course (2002)"
"0112744","The Crossing Guard (1995)"
"0109506","The Crow (1994)"
"0104040","The Cutting Edge (1992)"
"0810819","The Danish Girl (2015)"
"0838221","The Darjeeling Limited (2007)"
"1093357","The Darkest Hour (2011)"
"0106664","The Dark Half (1993)"
"0468569","The Dark Knight (2008)"
"1648190","The Dark Tower (2017)"
"2650978","The Dark Valley (2014)"
"0382625","The Da Vinci Code (2006)"
"0810817","The Da Vinci Treasure (2006)"
"0319262","The Day After Tomorrow (2004)"
"0072848","The Day of the Locust (1975)"
"0043456","The Day the Earth Stood Still (1951)"
"1290471","The Day the Earth Stopped (2008)"
"0085407","The Dead Zone (1983)"
"0077416","The Deer Hunter (1978)"
"0090927","The Delta Force (1986)"
"0407887","The Departed (2006)"
"1033575","The Descendants (2011)"
"0435625","The Descent (2005)"
"0118971","The Devil's Advocate (1997)"
"1270262","The Devil's Double (2011)"
"0395584","The Devil's Rejects (2005)"
"0458352","The Devil Wears Prada (2006)"
"1578275","The Dilemma (2011)"
"0401383","The Diving Bell and the Butterfly (2007)"
"0112887","The Doom Generation (1995)"
"1825157","The Double (2013)"
"0864761","The Duchess (2008)"
"1666801","The DUFF (2015)"
"0377818","The Dukes of Hazzard (2005)"
"3170902","Theeb (2014)"
"4877122","The Emoji Movie (2017)"
"0116209","The English Patient (1996)"
"0455944","The Equalizer (2014)"
"0116240","The Evening Star (1996)"
"0070047","The Exorcist (1973)"
"1320253","The Expendables (2010)"
"1764651","The Expendables 2 (2012)"
"2333784","The Expendables 3 (2014)"
"0406759","The Eye (2008)"
"0405061","The Eye 2 (2004)"
"0097322","The Fabulous Baker Boys (1989)"
"0133751","The Faculty (1998)"
"0087231","The Falcon and the Snowman (1985)"
"0356680","The Family Stone (2005)"
"0113026","The Fantasticks (1995)"
"0232500","The Fast and the Furious (2001)"
"0463985","The Fast and the Furious: Tokyo Drift (2006)"
"4630562","The Fate of the Furious (2017)"
"0119116","The Fifth Element (1997)"
"0964517","The Fighter (2010)"
"0191133","The Fighting Temptations (2003)"
"0106918","The Firm (1993)"
"0101889","The Fisher King (1991)"
"1195478","The Five-Year Engagement (2012)"
"0865556","The Forbidden Kingdom (2008)"
"1615160","The Foreigner (2017)"
"5226436","The Fourth Phase (2016)"
"0067116","The French Connection (1971)"
"0082416","The French Lieutenant's Woman (1981)"
"0116365","The Frighteners (1996)"
"2005374","The Frozen Ground (2012)"
"0052832","The Fugitive Kind (1959)"
"1235170","The Future (2011)"
"0119174","The Game (1997)"
"0093075","The Gate (1987)"
"1139328","The Ghost Writer (2010)"
"0219699","The Gift (2000)"
"4178092","The Gift (2015)"
"3631112","The Girl on the Train (2016)"
"1568346","The Girl with the Dragon Tattoo (2011)"
"2378507","The Glass Castle (2017)"
"0068646","The Godfather (1972)"
"0071562","The Godfather: Part 2 (1974)"
"0071562","The Godfather: Part 3 (1990)"
"0091129","The Golden Child (1986)"
"0107034","The Good Son (1993)"
"0060196","The Good, the Bad and the Ugly (1966)"
"0460810","The Great Buck Howard (2008)"
"0427309","The Great Debaters (2007)"
"0057115","The Great Escape (1963)"
"0044672","The Greatest Show on Earth (1952)"
"0059245","The Greatest Story Ever Told (1965)"
"0071577","The Great Gatsby (1974)"
"0095253","The Great Outdoors (1988)"
"0079239","The Great Santini (1979)"
"0079240","The Great Train Robbery (1978)"
"7535780","The Great Wall (2017)"
"0990407","The Green Hornet (2011)"
"9759440","The Green Inferno (2015)"
"0099703","The Grifters (1990)"
"0433386","The Grudge 2 (2006)"
"1053859","The Grudge 3 (2009)"
"2980592","The Guest (2014)"
"1119646","The Hangover (2009)"
"0949731","The Happening (2008)"
"0171363","The Haunting (1999)"
"0492044","The Haunting in Connecticut (2009)"
"2876086","The Haunting in Connecticut 2 (2013)"
"2396701","The Haunting of Whaley House (2012)"
"0408839","The Heartbreak Kid (2007)"
"0454841","The Hills Have Eyes (2006)"
"1959563","The Hitman's Bodyguard (2017)"
"0903624","The Hobbit: An Unexpected Journey (2012)"
"2310332","The Hobbit: The Battle of the Five Armies (2014)"
"1170358","The Hobbit: The Desolation of Smaug (2013)"
"0457939","The Holiday (2006)"
"0373908","The Honeymooners (2005)"
"0468492","The Host (2006)"
"0099797","The Hot Spot (1990)"
"0852713","The House Bunny (2008)"
"1172994","The House of the Devil (2009)"
"1392170","The Hunger Games (2012)"
"1951264","The Hunger Games: Catching Fire (2013)"
"1951265","The Hunger Games: Mockingjay - Part 1 (2014)"
"1951266","The Hunger Games: Mockingjay - Part 2 (2015)"
"2106476","The Hunt (2012)"
"0269347","The Hunted (2003)"
"1703148","The Hunter (2011)"
"0099810","The Hunt for Red October (1990)"
"2381991","The Huntsman: Winter's War (2016)"
"0887912","The Hurt Locker (2008)"
"0054997","The Hustler (1961)"
"1491044","The Iceman (2012)"
"0119349","The Ice Storm (1997)"
"1649419","The Impossible (2012)"
"0800080","The Incredible Hulk (2008)"
"2113075","The Inevitable Defeat of Mister and Pete (2013)"
"1594562","The Innkeepers (2011)"
"2788710","The Interview (2014)"
"0024184","The Invisible Man (1933)"
"8806518","Their Finest (2017)"
"0129167","The Iron Giant (1999)"
"1007029","The Iron Lady (2011)"
"0399201","The Island (2005)"
"0076210","The Island of Dr. Moreau (1977)"
"0064505","The Italian Job (1969)"
"0317740","The Italian Job (2003)"
"0119395","The Jackal (1997)"
"0097613","The January Man (1989)"
"0079367","The Jerk (1979)"
"0089370","The Jewel of the Nile (1985)"
"0087538","The Karate Kid (1984)"
"1155076","The Karate Kid (2010)"
"0091326","The Karate Kid Part II (1986)"
"0097647","The Karate Kid Part III (1989)"
"0049406","The Killing (1956)"
"1504320","The King's Speech (2010)"
"0419887","The Kite Runner (2007)"
"1410205","The Land That Time Forgot (2009)"
"0272020","The Last Castle (2001)"
"1572491","The Last Circus (2010)"
"1709143","The Last Days on Mars (2013)"
"0068833","The Last House on the Left (1972)"
"0455590","The Last King of Scotland (2006)"
"0434139","The Last Kiss (2006)"
"0104691","The Last of the Mohicans (1992)"
"0067328","The Last Picture Show (1971)"
"1124048","The Last Resort (2009)"
"0325710","The Last Samurai (2003)"
"1549920","The Last Stand (2013)"
"0074777","The Last Tycoon (1976)"
"0077838","The Last Waltz (1978)"
"1618442","The Last Witch Hunter (2015)"
"0311429","The League of Extraordinary Gentlemen (2003)"
"0918940","The Legend of Tarzan (2016)"
"0386140","The Legend of Zorro (2005)"
"0165854","The Limey (1999)"
"1189340","The Lincoln Lawyer (2011)"
"0093428","The Living Daylights (1987)"
"0103074","Thelma & Louise (1991)"
"0051878","The Long (1958)"
"0056197","The Longest Day (1962)"
"0071771","The Longest Yard (1974)"
"0398165","The Longest Yard (2005)"
"0070334","The Long Goodbye (1973)"
"0081071","The Long Riders (1980)"
"0385057","The Long Weekend (2005)"
"0427470","The Lookout (2007)"
"0120737","The Lord of the Rings: The Fellowship of the Ring (2001)"
"0093437","The Lost Boys (1987)"
"0119567","The Lost World: Jurassic Park (1997)"
"0811138","The Love Guru (2008)"
"0380510","The Lovely Bones (2009)"
"0981072","The Lucky Ones (2008)"
"1839654","The Magic of Belle Isle (2012)"
"0035015","The Magnificent Ambersons (1942)"
"0054047","The Magnificent Seven (1960)"
"2404435","The Magnificent Seven (2016)"
"0068897","The Magnificent Seven Ride! (1972)"
"0033870","The Maltese Falcon (1941)"
"0056218","The Manchurian Candidate (1962)"
"0368008","The Manchurian Candidate (2004)"
"0120744","The Man in the Iron Mask (1998)"
"0243133","The Man Who Wasn't There (2001)"
"0071807","The Man with the Golden Gun (1974)"
"0110475","The Mask (1994)"
"0120746","The Mask of Zorro (1998)"
"0365485","The Matador (2005)"
"0133093","The Matrix (1999)"
"0242653","The Matrix Revolutions (2003)"
"0089572","The Mean Season (1985)"
"0068931","The Mechanic (1972)"
"0151582","The Minus Man (1999)"
"0056241","The Miracle Worker (1962)"
"0055184","The Misfits (1961)"
"0091530","The Mission (1986)"
"0884328","The Mist (2007)"
"0120757","The Mod Squad (1999)"
"0023245","The Mummy (1932)"
"0120616","The Mummy (1999)"
"2345759","The Mummy (2017)"
"0102510","The Naked Gun 2 1/2: The Smell of Fear (1991)"
"0095705","The Naked Gun: From the Files of Police Squad! (1988)"
"0060736","The Naked Prey (1966)"
"0044953","The Naked Spur (1953)"
"0433416","The Namesake (2006)"
"0489237","The Nanny Diaries (2007)"
"0087781","The Natural (1984)"
"0120768","The Negotiator (1998)"
"0088323","The Neverending Story (1984)"
"0110657","The Next Karate Kid (1994)"
"1458175","The Next Three Days (2010)"
"3799694","The Nice Guys (2016)"
"3530002","The Night Before (2015)"
"0048424","The Night of the Hunter (1955)"
"0142688","The Ninth Gate (1999)"
"0332280","The Notebook (2004)"
"0120772","The Object of My Affection (1998)"
"0120773","The Odd Couple 2 (1998)"
"1386588","The Other Guys (2010)"
"0230600","The Others (2001)"
"1496422","The Paperboy (2012)"
"0071970","The Parallax View (1974)"
"0063415","The Party (1968)"
"0187393","The Patriot (2000)"
"0059575","The Pawnbroker (1964)"
"0119874","The Peacemaker (1997)"
"0105121","The People Under the Stairs (1991)"
"0117318","The People vs. Larry Flynt (1996)"
"0314498","The Perfect Score (2004)"
"1659337","The Perks of Being a Wallflower (2012)"
"0117331","The Phantom (1996)"
"0098090","The Phantom of the Opera (1989)"
"0032904","The Philadelphia Story (1940)"
"0114134","The Pillow Book (1996)"
"0057413","The Pink Panther (1963)"
"0383216","The Pink Panther (2006)"
"0075066","The Pink Panther Strikes Again (1976)"
"1430626","The Pirates! Band of Misfits (2012)"
"1817273","The Place Beyond the Pines (2012)"
"0338348","The Polar Express (2004)"
"0069113","The Poseidon Adventure (1972)"
"0431021","The Possession (2012)"
"0062153","The President's Analyst (1967)"
"0095897","The Presidio (1988)"
"1085492","The Prince (2014)"
"0337697","The Prince & Me (2004)"
"0093779","The Princess Bride (1987)"
"0110413","The Professional (1994)"
"0183678","The Prophecy 3: The Ascent (2000)"
"0118643","The Prophecy II (1998)"
"1925518","The Protector 2 (2013)"
"0098141","The Punisher (1989)"
"0450314","The Punisher (War Zone) (2008)"
"2184339","The Purge (2013)"
"2975578","The Purge: Anarchy (2014)"
"4094724","The Purge: Election Year (2016)"
"0089853","The Purple Rose of Cairo (1985)"
"0454921","The Pursuit of Happyness (2006)"
"2235779","The Quiet Ones (2013)"
"0144814","The Rage: Carrie 2 (1999)"
"0119978","The Rainmaker (1997)"
"6116682","The Rape of Recy Taylor (2017)"
"0057449","The Raven (1963)"
"0976051","The Reader (2008)"
"0444682","The Reaping (2007)"
"0120802","The Red Violin (1998)"
"0120004","The Relic (1997)"
"0107943","The Remains of the Day (1993)"
"0129387","There's Something About Mary (1998)"
"0089907","The Return of the Living Dead (1985)"
"0072081","The Return of the Pink Panther (1975)"
"0066448","There Was a Crooked Man (1970)"
"1954972","The Rift (2012)"
"0298130","The Ring (2002)"
"0898367","The Road (2009)"
"0031867","The Roaring Twenties (1939)"
"0117500","The Rock (1996)"
"0073629","The Rocky Horror Picture Show (1975)"
"0134067","The Rugrats Movie (1998)"
"0963794","The Ruins (2008)"
"0292644","The Rules of Attraction (2002)"
"0327850","The Rundown (2003)"
"0100530","The Russia House (1990)"
"3727534","The Sacrament (2014)"
"0120053","The Saint (1997)"
"0108026","The Saint of Fort Washington (1993)"
"0227445","The Score (2001)"
"0277296","The Scorpion King (2002)"
"0049730","The Searchers (1956)"
"0108071","The Secret Garden (1993)"
"0416212","The Secret Life of Bees (2008)"
"2709768","The Secret Life of Pets (2016)"
"0084649","The Secret of NIMH (1982)"
"0443632","The Sentinel (2006)"
"0070672","The Seven-Ups (1973)"
"0048605","The Seven Year Itch (1955)"
"4052882","The Shallows (2016)"
"0081505","The Shining (1980)"
"0133952","The Siege (1998)"
"0780607","The Signal (2007)"
"2910814","The Signal (2014)"
"0102926","The Silence of the Lambs (1991)"
"0314676","The Singing Detective (2003)"
"1571249","The Skeleton Twins (2014)"
"0472181","The Smurfs (2011)"
"2017020","The Smurfs 2 (2013)"
"1285016","The Social Network (2010)"
"0821642","The Soloist (2009)"
"0059742","The Sound of Music (1965)"
"0416236","The Spiderwick Chronicles (2008)"
"0831887","The Spirit (2008)"
"0345950","The SpongeBob SquarePants Movie (2004)"
"1273678","The Spy Next Door (2010)"
"0076752","The Spy Who Loved Me (1977)"
"0367089","The Squid and the Whale (2005)"
"4587656","The Star (2017)"
"0073747","The Stepford Wives (1975)"
"0327162","The Stepford Wives (2004)"
"1277737","The Stoning of Soraya M. (2008)"
"0482606","The Strangers (2008)"
"0117774","The Substitute (1996)"
"0164184","The Sum of All Fears (2002)"
"2368619","The Take (2016)"
"0072251","The Taking of Pelham One Two Three (1974)"
"0216787","The Taste of Others (2000)"
"5061162","The Teacher (2016)"
"0049833","The Ten Commandments (1956)"
"1350512","The Terminators (2009)"
"0092076","The Texas Chainsaw Massacre 2 (1986)"
"2980516","The Theory of Everything (2014)"
"0905372","The Thing (2011)"
"0063688","The Thomas Crown Affair (1968)"
"0155267","The Thomas Crown Affair (1999)"
"1509767","The Three Musketeers (2011)"
"0268695","The Time Machine (2002)"
"0452694","The Time Traveler's Wife (2009)"
"0059825","The Train (1964)"
"0293662","The Transporter (2002)"
"0040897","The Treasure of the Sierra Madre (1948)"
"0478304","The Tree of Life (2011)"
"0120382","The Truman Show (1998)"
"0117979","The Truth About Cats & Dogs (1996)"
"0290095","The Tuxedo (2002)"
"0100828","The Two Jakes (1990)"
"1139668","The Unborn (2009)"
"0054428","The Unforgiven (1960)"
"0815245","The Uninvited (2009)"
"0301976","The United States of Leland (2003)"
"0094226","The Untouchables (1987)"
"0114814","The Usual Suspects (1995)"
"1524575","The Vatican Tapes (2015)"
"0084855","The Verdict (1982)"
"1653700","The Veteran (2011)"
"0159097","The Virgin Suicides (1999)"
"3567288","The Visit (2015)"
"6292688","The Voices (2015)"
"0098621","The War of the Roses (1989)"
"0080120","The Warriors (1979)"
"5719108","The War Show (2016)"
"0068935","The Way of the Dragon (1972)"
"0202677","The Way of the Gun (2000)"
"0384680","The Weather Man (2005)"
"4211312","The White King (2017)"
"2538778","The Whole World at Our Feet (2015)"
"0191636","The Widow of St. Pierre (2000)"
"0065214","The Wild Bunch (1969)"
"0282120","The Wild Thornberrys Movie (2002)"
"0120520","The Wings of the Dove (1997)"
"1293842","The Winning Season (2009)"
"0100944","The Witches (1990)"
"0034398","The Wolf Man (1941)"
"0780653","The Wolfman (2010)"
"0993846","The Wolf of Wall Street (2013)"
"0161100","The Wood (1999)"
"0084917","The World According to Garp (1982)"
"0143145","The World Is Not Enough (1999)"
"1213663","The World's End (2013)"
"0120902","The X Files (1998)"
"2398249","They Came Together (2014)"
"3739110","The Yellow Birds (2018)"
"0040872","They Live by Night (1948)"
"4991112","They Remain (2018)"
"0469623","Things We Lost in the Fire (2007)"
"0210358","Things You Can Tell Just by Looking at Her (1999)"
"1621045","Think Like a Man (2012)"
"2239832","Think Like a Man Too (2014)"
"1758830","This Is 40 (2012)"
"1245492","This Is the End (2013)"
"1596350","This Means War (2012)"
"3501632","Thor: Ragnarok (2017)"
"0092086","Three Amigos (1986)"
"5027774","Three Billboards Outside Ebbing (2017)"
"2975752","Throwdown (2013)"
"0094142","Throw Momma from the Train (1987)"
"0059800","Thunderball (1965)"
"0066434","THX 1138 (1971)"
"0090173","Tiempo de Morir (1965)"
"1855401","Tim and Eric's Billion Dollar Movie (2012)"
"0480669","Timecrimes (2007)"
"0300556","Timeline (2003)"
"0120913","Titan A.E. (2000)"
"0120338","Titanic (1997)"
"1640571","Titanic II (2010)"
"0056592","To Kill a Mockingbird (1962)"
"1365519","Tomb Raider (2018)"
"0120347","Tomorrow Never Dies (1997)"
"0070814","Tom Sawyer (1973)"
"7691732","Toonstone (2015)"
"0065112","Topaz (1969)"
"0092099","Top Gun (1986)"
"0151568","Topsy-Turvy (1999)"
"1386703","Total Recall (2012)"
"1595656","To the Wonder (2012)"
"0086465","Trading Places (1983)"
"0084814","Trail of the Pink Panther (1982)"
"0139654","Training Day (2001)"
"3152624","Trainwreck (2015)"
"2109248","Transformers: Age of Extinction (2014)"
"1399103","Transformers: Dark of the Moon (2011)"
"1055369","Transformers: Revenge of the Fallen (2009)"
"3371366","Transformers: The Last Knight (2017)"
"0960835","Transmorphers (2007)"
"1376460","Transmorphers: Fall of Man (2009)"
"0388482","Transporter 2 (2005)"
"1129442","Transporter 3 (2008)"
"0100814","Tremors (1990)"
"1674784","Trespass (2011)"
"0092115","Troll (1986)"
"1740707","Trollhunter (2010)"
"1679335","Trolls (2016)"
"6333066","Trophy (2017)"
"0942385","Tropic Thunder (2008)"
"0332452","Troy (2004)"
"0072325","Truck Turner (1974)"
"0065126","True Grit (1969)"
"1403865","True Grit (2010)"
"0108399","True Romance (1993)"
"3203606","Trumbo (2015)"
"1529572","Trust (2010)"
"0468565","Tsotsi (2005)"
"1465522","Tucker and Dale vs Evil (2010)"
"0096316","Tucker: The Man and His Dream (1988)"
"0343121","Tupac: Resurrection (2003)"
"1099212","Twilight (2008)"
"2117050","Twilight: Breaking Dawn Part 1 (2011)"
"2527074","Twilight: Breaking Dawn Part 2 (2012)"
"2026360","Twilight: Eclipse (2010)"
"4107746","Twilight: New Moon (2009)"
"4107746","Twilight: New Moon (2010)"
"1103275","Two Lovers (2008)"
"0098546","UHF (1989)"
"1809398","Unbroken (2014)"
"0086508","Uncommon Valor (1983)"
"1860355","Undefeated (2011)"
"0105690","Under Siege (1992)"
"0320691","Underworld (2003)"
"7185632","Underworld: Awakening (2012)"
"6405326","Underworld: Blood Wars (2017)"
"0401855","Underworld: Evolution (2006)"
"0834001","Underworld: Rise of the Lycans (2009)"
"0281322","Undisputed (2002)"
"0250797","Unfaithful (2002)"
"0105695","Unforgiven (1992)"
"3713166","Unfriended (2014)"
"1023347","Universal Soldiers (2007)"
"1193138","Up in the Air (2009)"
"1374992","Upside Down (2012)"
"0263757","Uptown Girls (2003)"
"0817230","Valentine's Day (2010)"
"0985699","Valkyrie (2008)"
"0086525","Valley Girl (1983)"
"0098577","Vampire's Kiss (1988)"
"0338526","Van Helsing (2004)"
"0283111","Van Wilder (2002)"
"0480271","Van Wilder 2: The Rise of Taj (2006)"
"0139699","Varsity Blues (1999)"
"3746298","Vendetta (2015)"
"0383694","Vera Drake (2004)"
"0434409","V for Vendetta (2005)"
"2105044","V/H/S (2012)"
"2450186","V/H/S/2 (2013)"
"3480796","Vice (2015)"
"0497465","Vicky Cristina Barcelona (2008)"
"5199588","View From a Blue Moon (2015)"
"0114852","Village of the Damned (1995)"
"0114857","Virtuosity (1995)"
"0121974","Virus (1998)"
"0120461","Volcano (1997)"
"1175491","W. (2008)"
"0111653","Wagons East (1994)"
"0348333","Waiting... (2005)"
"0114885","Waiting to Exhale (1995)"
"0473308","Waitress (2007)"
"0166396","Waking Ned Devine (1998)"
"0070895","Walking Tall (1973)"
"0351977","Walking Tall (2004)"
"0358273","Walk the Line (2005)"
"0094291","Wall Street (1987)"
"1655460","Wanderlust (2012)"
"0493464","Wanted (2008)"
"0049934","War and Peace (1956)"
"0803096","Warcraft (2016)"
"2005151","War Dogs (2016)"
"0086567","WarGames (1983)"
"4758646","War Machine (2017)"
"1588173","Warm Bodies (2013)"
"0407304","War of the Worlds (2005)"
"8829164","War of the Worlds 2 (2008)"
"1291584","Warrior (2011)"
"0114898","Waterworld (1995)"
"0105793","Wayne's World (1992)"
"4542660","We Are Blood (2015)"
"1389137","We Bought a Zoo (2011)"
"0098627","Weekend at Bernie's (1989)"
"0090305","Weird Science (1985)"
"6448202","We'll Never Have Paris (2015)"
"0048801","We're No Angels (1955)"
"0098625","We're No Angels (1989)"
"1723121","We're the Millers (2013)"
"0055614","West Side Story (1961)"
"0070909","Westworld (1973)"
"0243655","Wet Hot American Summer (2001)"
"0277434","We Were Soldiers (2002)"
"0286788","What a Girl Wants (2003)"
"1033643","What Happens in Vegas (2008)"
"0486674","What Just Happened (2008)"
"1932767","What Maisie Knew (2012)"
"0069495","What's Up, Doc? (1972)"
"1586265","What to Expect When You're Expecting (2012)"
"2725962","What We Did on Our Holiday (2014)"
"7908628","What We Do in the Shadows (2015)"
"0098635","When Harry Met Sally... (1989)"
"0198021","Where the Heart Is (2000)"
"2334879","White House Down (2013)"
"0070915","White Lightning (1973)"
"0105812","White Men Can't Jump (1992)"
"0094321","Who's That Girl (1987)"
"0100935","Wild at Heart (1990)"
"0114938","Wild Bill (1995)"
"2231253","Wild Card (2015)"
"0120890","Wild Things (1998)"
"0120891","Wild Wild West (1999)"
"0067992","Willy Wonka & the Chocolate Factory (1971)"
"0335559","Win a Date with Tad Hamilton! (2004)"
"5362988","Wind River (2017)"
"0245562","Windtalkers (2002)"
"1399683","Winter's Bone (2010)"
"2870708","Wish I Was Here (2014)"
"0120524","Wishmaster (1997)"
"0364751","Without a Paddle (2004)"
"1001562","Witless Protection (2008)"
"0090329","Witness (1985)"
"0051201","Witness for the Prosecution (1957)"
"0399901","Woman Thou Art Loosed (2004)"
"5436228","Woman Walks Ahead (2018)"
"2543472","Wonder (2017)"
"0451279","Wonder Woman (2017)"
"4183692","Woodlawn (2015)"
"0096463","Working Girl (1988)"
"1262981","World's Greatest Dad (2009)"
"0469641","World Trade Center (2006)"
"0816711","World War Z (2013)"
"1646987","Wrath of the Titans (2012)"
"0477139","Wristcutters: A Love Story (2006)"
"9296320","X2 (2003)"
"0120903","X-Men (2000)"
"6142878","X-Men Apocalypse (2016)"
"1877832","X-Men: Days of Future Past (2014)"
"0458525","X-Men Origins: Wolverine (2009)"
"0376994","X-Men: The Last Stand (2006)"
"1293847","xXx: Return of Xander Cage (2017)"
"0756729","Year of the Dog (2007)"
"0086619","Yentl (1983)"
"1302067","Yogi Bear (2010)"
"0203230","You Can Count on Me (2000)"
"0960144","You Don't Mess With the Zohan (2008)"
"0096486","Young Einstein (1990)"
"0096487","Young Guns (1988)"
"0090357","Young Sherlock Holmes (1985)"
"0062512","You Only Live Twice (1967)"
"1853739","You're Next (2011)"
"1240982","Your Highness (2011)"
"0460649","Yours (2005)"
"0403702","Youth in Revolt (2009)"
"0245574","Y Tu Mam√° Tambi√©n (2001)"
"1007028","Zack and Miri Make a Porno (2008)"
"0406375","Zathura (2005)"
"0143016","Zodiac Killer (2005)"
"1876547","Zombie Apocalypse (2011)"
"1156398","Zombieland (2009)"
"2978716","Zombie Night (2013)"
